{
  "name": "root",
  "gauges": [
    {
      "name": "AnimalBrain.mean_reward",
      "value": -0.00510949021490821,
      "min": -0.08297872464073465,
      "max": 0.042622949866974943,
      "count": 32
    }
  ],
  "total": 206.1262643,
  "count": 1,
  "self": 19.8531273999983,
  "children": [
    {
      "name": "TrainerController.advance",
      "total": 186.2731369000017,
      "count": 10768,
      "self": 43.25075690000227,
      "children": [
        {
          "name": "env_step",
          "total": 70.09522409999936,
          "count": 10768,
          "self": 15.526275800002502,
          "children": [
            {
              "name": "SubprocessEnvManager._take_step",
              "total": 54.07588339999792,
              "count": 32063,
              "self": 1.3476448999988406,
              "children": [
                {
                  "name": "PPOPolicy.evaluate",
                  "total": 52.72823849999908,
                  "count": 32063,
                  "self": 52.72823849999908
                }
              ]
            },
            {
              "name": "workers",
              "total": 0.4930648999989371,
              "count": 10768,
              "self": 0.0,
              "children": [
                {
                  "name": "worker_root",
                  "total": 1201.294402099993,
                  "count": 32061,
                  "is_parallel": true,
                  "self": 944.2188944999912,
                  "children": [
                    {
                      "name": "UnityEnvironment.step",
                      "total": 257.0755076000019,
                      "count": 32061,
                      "is_parallel": true,
                      "self": 18.114358899999104,
                      "children": [
                        {
                          "name": "UnityEnvironment._generate_step_input",
                          "total": 5.0159697000009835,
                          "count": 32061,
                          "is_parallel": true,
                          "self": 5.0159697000009835
                        },
                        {
                          "name": "communicator.exchange",
                          "total": 233.94517900000181,
                          "count": 32061,
                          "is_parallel": true,
                          "self": 233.94517900000181
                        }
                      ]
                    }
                  ]
                }
              ]
            }
          ]
        },
        {
          "name": "update_policy",
          "total": 72.92715590000006,
          "count": 30,
          "self": 46.62229320000035,
          "children": [
            {
              "name": "PPOPolicy.update",
              "total": 26.30486269999971,
              "count": 7852,
              "self": 26.30486269999971
            }
          ]
        }
      ]
    }
  ]
}