{
  "name": "root",
  "gauges": [
    {
      "name": "AnimalBehavior.mean_reward",
      "value": -0.5829340100292946,
      "min": -0.6000000238418579,
      "max": -0.5300699372391601,
      "count": 128
    }
  ],
  "total": 1424.7776153,
  "count": 1,
  "self": 33.436926299996,
  "children": [
    {
      "name": "TrainerController.advance",
      "total": 1391.340689000004,
      "count": 25808,
      "self": 462.60718170000405,
      "children": [
        {
          "name": "env_step",
          "total": 288.4898306000007,
          "count": 25808,
          "self": 60.34583979997811,
          "children": [
            {
              "name": "SubprocessEnvManager._take_step",
              "total": 226.32284530001573,
              "count": 128999,
              "self": 5.726252500001635,
              "children": [
                {
                  "name": "PPOPolicy.evaluate",
                  "total": 220.5965928000141,
                  "count": 128799,
                  "self": 220.5965928000141
                }
              ]
            },
            {
              "name": "workers",
              "total": 1.8211455000068515,
              "count": 25807,
              "self": 0.0,
              "children": [
                {
                  "name": "worker_root",
                  "total": 14172.725983700158,
                  "count": 128990,
                  "is_parallel": true,
                  "self": 12222.679672800197,
                  "children": [
                    {
                      "name": "UnityEnvironment.step",
                      "total": 1950.046310899961,
                      "count": 128990,
                      "is_parallel": true,
                      "self": 124.54743319998602,
                      "children": [
                        {
                          "name": "UnityEnvironment._generate_step_input",
                          "total": 33.81809780000771,
                          "count": 128990,
                          "is_parallel": true,
                          "self": 33.81809780000771
                        },
                        {
                          "name": "communicator.exchange",
                          "total": 1791.6807798999673,
                          "count": 128990,
                          "is_parallel": true,
                          "self": 1791.6807798999673
                        }
                      ]
                    }
                  ]
                }
              ]
            }
          ]
        },
        {
          "name": "update_policy",
          "total": 640.2436766999992,
          "count": 126,
          "self": 427.2135365000206,
          "children": [
            {
              "name": "PPOPolicy.update",
              "total": 213.03014019997863,
              "count": 32256,
              "self": 213.03014019997863
            }
          ]
        }
      ]
    }
  ]
}