{
  "name": "root",
  "gauges": [
    {
      "name": "AnimalBehavior.mean_reward",
      "value": -0.33565218796602625,
      "min": -0.5,
      "max": -0.2664885690705922,
      "count": 417
    }
  ],
  "total": 3614.5371998,
  "count": 1,
  "self": 49.63477390002981,
  "children": [
    {
      "name": "TrainerController.advance",
      "total": 3564.9024258999702,
      "count": 27463,
      "self": 604.388973899951,
      "children": [
        {
          "name": "env_step",
          "total": 1018.39584910002,
          "count": 27463,
          "self": 195.123117900024,
          "children": [
            {
              "name": "SubprocessEnvManager._take_step",
              "total": 818.0849971000063,
              "count": 417783,
              "self": 18.653891299993916,
              "children": [
                {
                  "name": "PPOPolicy.evaluate",
                  "total": 799.4311058000123,
                  "count": 417383,
                  "self": 799.4311058000123
                }
              ]
            },
            {
              "name": "workers",
              "total": 5.187734099989743,
              "count": 27463,
              "self": 0.0,
              "children": [
                {
                  "name": "worker_root",
                  "total": 72013.84691569877,
                  "count": 417778,
                  "is_parallel": true,
                  "self": 66905.33551169894,
                  "children": [
                    {
                      "name": "UnityEnvironment.step",
                      "total": 5108.511403999833,
                      "count": 417778,
                      "is_parallel": true,
                      "self": 425.31148339962147,
                      "children": [
                        {
                          "name": "UnityEnvironment._generate_step_input",
                          "total": 115.71865660008633,
                          "count": 417778,
                          "is_parallel": true,
                          "self": 115.71865660008633
                        },
                        {
                          "name": "communicator.exchange",
                          "total": 4567.4812640001255,
                          "count": 417778,
                          "is_parallel": true,
                          "self": 4567.4812640001255
                        }
                      ]
                    }
                  ]
                }
              ]
            }
          ]
        },
        {
          "name": "update_policy",
          "total": 1942.1176028999992,
          "count": 442,
          "self": 1329.8603820999874,
          "children": [
            {
              "name": "PPOPolicy.update",
              "total": 612.2572208000116,
              "count": 99183,
              "self": 612.2572208000116
            }
          ]
        }
      ]
    }
  ]
}