{
  "name": "root",
  "gauges": [
    {
      "name": "AnimalBrain.mean_reward",
      "value": -0.01933333471417427,
      "min": -0.038666668037573494,
      "max": -0.014000001202027003,
      "count": 4
    }
  ],
  "total": 35.5494704,
  "count": 1,
  "self": 12.27315070000007,
  "children": [
    {
      "name": "TrainerController.advance",
      "total": 23.276319699999927,
      "count": 2397,
      "self": 6.563320899999912,
      "children": [
        {
          "name": "env_step",
          "total": 9.431164600000013,
          "count": 2397,
          "self": 2.129504600000147,
          "children": [
            {
              "name": "SubprocessEnvManager._take_step",
              "total": 7.237717899999878,
              "count": 4297,
              "self": 0.1802339999997704,
              "children": [
                {
                  "name": "PPOPolicy.evaluate",
                  "total": 7.057483900000108,
                  "count": 4297,
                  "self": 7.057483900000108
                }
              ]
            },
            {
              "name": "workers",
              "total": 0.06394209999998779,
              "count": 2397,
              "self": 0.0,
              "children": [
                {
                  "name": "worker_root",
                  "total": 125.68187270000027,
                  "count": 4294,
                  "is_parallel": true,
                  "self": 90.74587490000022,
                  "children": [
                    {
                      "name": "UnityEnvironment.step",
                      "total": 34.935997800000045,
                      "count": 4294,
                      "is_parallel": true,
                      "self": 2.3260186000000687,
                      "children": [
                        {
                          "name": "UnityEnvironment._generate_step_input",
                          "total": 0.6371039999999626,
                          "count": 4294,
                          "is_parallel": true,
                          "self": 0.6371039999999626
                        },
                        {
                          "name": "communicator.exchange",
                          "total": 31.972875200000015,
                          "count": 4294,
                          "is_parallel": true,
                          "self": 31.972875200000015
                        }
                      ]
                    }
                  ]
                }
              ]
            }
          ]
        },
        {
          "name": "update_policy",
          "total": 7.281834200000004,
          "count": 4,
          "self": 5.3077234,
          "children": [
            {
              "name": "PPOPolicy.update",
              "total": 1.9741108000000036,
              "count": 430,
              "self": 1.9741108000000036
            }
          ]
        }
      ]
    }
  ]
}