{
  "name": "root",
  "gauges": [
    {
      "name": "AnimalBehavior.mean_reward",
      "value": -0.10000000149011612,
      "min": -0.10000000149011612,
      "max": 0.007692315830634191,
      "count": 96
    }
  ],
  "total": 754.1240786,
  "count": 1,
  "self": 48.638698799993904,
  "children": [
    {
      "name": "TrainerController.advance",
      "total": 705.4853798000061,
      "count": 65596,
      "self": 114.25146760001212,
      "children": [
        {
          "name": "env_step",
          "total": 347.6960505999939,
          "count": 65596,
          "self": 78.71931629999347,
          "children": [
            {
              "name": "SubprocessEnvManager._take_step",
              "total": 266.73386560000506,
              "count": 192505,
              "self": 6.951300300003481,
              "children": [
                {
                  "name": "PPOPolicy.evaluate",
                  "total": 259.7825653000016,
                  "count": 192505,
                  "self": 259.7825653000016
                }
              ]
            },
            {
              "name": "workers",
              "total": 2.2428686999953733,
              "count": 65595,
              "self": 0.0,
              "children": [
                {
                  "name": "worker_root",
                  "total": 3742.5943969000627,
                  "count": 192502,
                  "is_parallel": true,
                  "self": 3208.902936600047,
                  "children": [
                    {
                      "name": "UnityEnvironment.step",
                      "total": 533.6914603000158,
                      "count": 192502,
                      "is_parallel": true,
                      "self": 58.115835600024184,
                      "children": [
                        {
                          "name": "UnityEnvironment._generate_step_input",
                          "total": 16.058844500008703,
                          "count": 192502,
                          "is_parallel": true,
                          "self": 16.058844500008703
                        },
                        {
                          "name": "communicator.exchange",
                          "total": 459.5167801999829,
                          "count": 192502,
                          "is_parallel": true,
                          "self": 459.5167801999829
                        }
                      ]
                    }
                  ]
                }
              ]
            }
          ]
        },
        {
          "name": "update_policy",
          "total": 243.53786160000004,
          "count": 62,
          "self": 116.74101300000001,
          "children": [
            {
              "name": "PPOPolicy.update",
              "total": 126.79684860000003,
              "count": 36468,
              "self": 126.79684860000003
            }
          ]
        }
      ]
    }
  ]
}