{
  "name": "root",
  "gauges": [
    {
      "name": "AnimalBehavior.mean_reward",
      "value": -0.4756746056142248,
      "min": -0.5,
      "max": -0.4729270755381256,
      "count": 95
    }
  ],
  "total": 988.2164796999999,
  "count": 1,
  "self": 30.07235719999767,
  "children": [
    {
      "name": "TrainerController.advance",
      "total": 958.1441225000023,
      "count": 11857,
      "self": 280.9048659000017,
      "children": [
        {
          "name": "env_step",
          "total": 242.1526868000007,
          "count": 11857,
          "self": 47.93099260000142,
          "children": [
            {
              "name": "SubprocessEnvManager._take_step",
              "total": 192.8572831999972,
              "count": 95366,
              "self": 4.61926950000435,
              "children": [
                {
                  "name": "PPOPolicy.evaluate",
                  "total": 188.23801369999285,
                  "count": 95066,
                  "self": 188.23801369999285
                }
              ]
            },
            {
              "name": "workers",
              "total": 1.364411000002086,
              "count": 11857,
              "self": 0.0,
              "children": [
                {
                  "name": "worker_root",
                  "total": 14660.983139900005,
                  "count": 95359,
                  "is_parallel": true,
                  "self": 13081.96828240003,
                  "children": [
                    {
                      "name": "UnityEnvironment.step",
                      "total": 1579.0148574999757,
                      "count": 95359,
                      "is_parallel": true,
                      "self": 97.37096449997262,
                      "children": [
                        {
                          "name": "UnityEnvironment._generate_step_input",
                          "total": 25.63680340000557,
                          "count": 95359,
                          "is_parallel": true,
                          "self": 25.63680340000557
                        },
                        {
                          "name": "communicator.exchange",
                          "total": 1456.0070895999975,
                          "count": 95359,
                          "is_parallel": true,
                          "self": 1456.0070895999975
                        }
                      ]
                    }
                  ]
                }
              ]
            }
          ]
        },
        {
          "name": "update_policy",
          "total": 435.08656979999984,
          "count": 61,
          "self": 327.7597636999952,
          "children": [
            {
              "name": "PPOPolicy.update",
              "total": 107.32680610000465,
              "count": 5856,
              "self": 107.32680610000465
            }
          ]
        }
      ]
    }
  ]
}