{
  "name": "root",
  "gauges": [
    {
      "name": "AnimalBehavior.mean_reward",
      "value": 0.2533333619435628,
      "min": -0.026666667064030966,
      "max": 0.8071429410151073,
      "count": 99
    }
  ],
  "total": 863.2338629000001,
  "count": 1,
  "self": 40.652809799990905,
  "children": [
    {
      "name": "TrainerController.advance",
      "total": 822.5810531000092,
      "count": 51429,
      "self": 196.66591520002305,
      "children": [
        {
          "name": "env_step",
          "total": 368.0208701999858,
          "count": 51429,
          "self": 81.04040089998153,
          "children": [
            {
              "name": "SubprocessEnvManager._take_step",
              "total": 284.782370599989,
              "count": 200006,
              "self": 7.420331399972781,
              "children": [
                {
                  "name": "PPOPolicy.evaluate",
                  "total": 277.3620392000162,
                  "count": 200006,
                  "self": 277.3620392000162
                }
              ]
            },
            {
              "name": "workers",
              "total": 2.198098700015233,
              "count": 51429,
              "self": 0.0,
              "children": [
                {
                  "name": "worker_root",
                  "total": 5145.859933600072,
                  "count": 200004,
                  "is_parallel": true,
                  "self": 4577.391217000077,
                  "children": [
                    {
                      "name": "UnityEnvironment.step",
                      "total": 568.4687165999951,
                      "count": 200004,
                      "is_parallel": true,
                      "self": 62.48737839997699,
                      "children": [
                        {
                          "name": "UnityEnvironment._generate_step_input",
                          "total": 17.121222800004695,
                          "count": 200004,
                          "is_parallel": true,
                          "self": 17.121222800004695
                        },
                        {
                          "name": "communicator.exchange",
                          "total": 488.8601154000134,
                          "count": 200004,
                          "is_parallel": true,
                          "self": 488.8601154000134
                        }
                      ]
                    }
                  ]
                }
              ]
            }
          ]
        },
        {
          "name": "update_policy",
          "total": 257.8942677000003,
          "count": 63,
          "self": 119.88451770000762,
          "children": [
            {
              "name": "PPOPolicy.update",
              "total": 138.00974999999266,
              "count": 38340,
              "self": 138.00974999999266
            }
          ]
        }
      ]
    }
  ]
}