{
  "name": "root",
  "total": 28.715343100000002,
  "count": 1,
  "self": 11.444117299999984,
  "children": [
    {
      "name": "TrainerController.advance",
      "total": 17.271225800000018,
      "count": 989,
      "self": 1.5182480000000016,
      "children": [
        {
          "name": "env_step",
          "total": 15.752977800000016,
          "count": 989,
          "self": 13.930473100000059,
          "children": [
            {
              "name": "SubprocessEnvManager._take_step",
              "total": 1.8020218000000536,
              "count": 989,
              "self": 0.04945379999998778,
              "children": [
                {
                  "name": "PPOPolicy.evaluate",
                  "total": 1.7525680000000659,
                  "count": 989,
                  "self": 1.7525680000000659
                }
              ]
            },
            {
              "name": "workers",
              "total": 0.02048289999990338,
              "count": 989,
              "self": 0.0,
              "children": [
                {
                  "name": "worker_root",
                  "total": 26.118721200000095,
                  "count": 989,
                  "is_parallel": true,
                  "self": 13.37509640000009,
                  "children": [
                    {
                      "name": "UnityEnvironment.step",
                      "total": 12.743624800000006,
                      "count": 989,
                      "is_parallel": true,
                      "self": 0.37098479999996314,
                      "children": [
                        {
                          "name": "UnityEnvironment._generate_step_input",
                          "total": 0.11559290000001532,
                          "count": 989,
                          "is_parallel": true,
                          "self": 0.11559290000001532
                        },
                        {
                          "name": "communicator.exchange",
                          "total": 12.257047100000028,
                          "count": 989,
                          "is_parallel": true,
                          "self": 12.257047100000028
                        }
                      ]
                    }
                  ]
                }
              ]
            }
          ]
        }
      ]
    }
  ]
}