{
  "name": "root",
  "gauges": [
    {
      "name": "AnimalBehavior.mean_reward",
      "value": -0.0523809531614894,
      "min": -0.09722222367094623,
      "max": 0.8400000983050891,
      "count": 100
    }
  ],
  "total": 922.7243266,
  "count": 1,
  "self": 54.99218710001412,
  "children": [
    {
      "name": "TrainerController.advance",
      "total": 867.7321394999859,
      "count": 69148,
      "self": 240.93403159998832,
      "children": [
        {
          "name": "env_step",
          "total": 405.2300799999979,
          "count": 69148,
          "self": 90.99944910000909,
          "children": [
            {
              "name": "SubprocessEnvManager._take_step",
              "total": 311.65829029999975,
              "count": 200004,
              "self": 7.846638699990308,
              "children": [
                {
                  "name": "PPOPolicy.evaluate",
                  "total": 303.81165160000944,
                  "count": 200004,
                  "self": 303.81165160000944
                }
              ]
            },
            {
              "name": "workers",
              "total": 2.5723405999890687,
              "count": 69148,
              "self": 0.0,
              "children": [
                {
                  "name": "worker_root",
                  "total": 4583.714117399966,
                  "count": 200002,
                  "is_parallel": true,
                  "self": 3949.039935499963,
                  "children": [
                    {
                      "name": "UnityEnvironment.step",
                      "total": 634.674181900003,
                      "count": 200002,
                      "is_parallel": true,
                      "self": 69.11598270003765,
                      "children": [
                        {
                          "name": "UnityEnvironment._generate_step_input",
                          "total": 20.00217919998981,
                          "count": 200002,
                          "is_parallel": true,
                          "self": 20.00217919998981
                        },
                        {
                          "name": "communicator.exchange",
                          "total": 545.5560199999755,
                          "count": 200002,
                          "is_parallel": true,
                          "self": 545.5560199999755
                        }
                      ]
                    }
                  ]
                }
              ]
            }
          ]
        },
        {
          "name": "update_policy",
          "total": 221.56802789999972,
          "count": 64,
          "self": 103.26391419999466,
          "children": [
            {
              "name": "PPOPolicy.update",
              "total": 118.30411370000506,
              "count": 29694,
              "self": 118.30411370000506
            }
          ]
        }
      ]
    }
  ]
}