{
  "name": "root",
  "gauges": [
    {
      "name": "AnimalBehavior.mean_reward",
      "value": -0.10000000149011612,
      "min": -0.10000000149011612,
      "max": 0.06964286430073637,
      "count": 100
    }
  ],
  "total": 681.5884265999999,
  "count": 1,
  "self": 49.35060389999512,
  "children": [
    {
      "name": "TrainerController.advance",
      "total": 632.2378227000048,
      "count": 67769,
      "self": 121.14418689999877,
      "children": [
        {
          "name": "env_step",
          "total": 360.71470920000604,
          "count": 67769,
          "self": 80.45663730002417,
          "children": [
            {
              "name": "SubprocessEnvManager._take_step",
              "total": 277.9614580999888,
              "count": 200003,
              "self": 7.056529200008072,
              "children": [
                {
                  "name": "PPOPolicy.evaluate",
                  "total": 270.90492889998075,
                  "count": 200003,
                  "self": 270.90492889998075
                }
              ]
            },
            {
              "name": "workers",
              "total": 2.2966137999930334,
              "count": 67769,
              "self": 0.0,
              "children": [
                {
                  "name": "worker_root",
                  "total": 3380.87299540002,
                  "count": 200001,
                  "is_parallel": true,
                  "self": 2840.7275345000244,
                  "children": [
                    {
                      "name": "UnityEnvironment.step",
                      "total": 540.1454608999959,
                      "count": 200001,
                      "is_parallel": true,
                      "self": 59.99049379998581,
                      "children": [
                        {
                          "name": "UnityEnvironment._generate_step_input",
                          "total": 16.630396100007147,
                          "count": 200001,
                          "is_parallel": true,
                          "self": 16.630396100007147
                        },
                        {
                          "name": "communicator.exchange",
                          "total": 463.52457100000294,
                          "count": 200001,
                          "is_parallel": true,
                          "self": 463.52457100000294
                        }
                      ]
                    }
                  ]
                }
              ]
            }
          ]
        },
        {
          "name": "update_policy",
          "total": 150.37892660000003,
          "count": 32,
          "self": 89.98381020000119,
          "children": [
            {
              "name": "PPOPolicy.update",
              "total": 60.395116399998834,
              "count": 14413,
              "self": 60.395116399998834
            }
          ]
        }
      ]
    }
  ]
}