{
  "name": "root",
  "gauges": [
    {
      "name": "AnimalBehavior.mean_reward",
      "value": -0.48097097333352845,
      "min": -0.48981912251927673,
      "max": -0.47688182957226255,
      "count": 8
    }
  ],
  "total": 97.3366859,
  "count": 1,
  "self": 15.991283900000056,
  "children": [
    {
      "name": "TrainerController.advance",
      "total": 81.34540199999995,
      "count": 1709,
      "self": 23.79017870000009,
      "children": [
        {
          "name": "env_step",
          "total": 20.86531839999987,
          "count": 1709,
          "self": 4.590100300000088,
          "children": [
            {
              "name": "SubprocessEnvManager._take_step",
              "total": 16.144444999999955,
              "count": 8501,
              "self": 0.38952979999940673,
              "children": [
                {
                  "name": "PPOPolicy.evaluate",
                  "total": 15.754915200000548,
                  "count": 8301,
                  "self": 15.754915200000548
                }
              ]
            },
            {
              "name": "workers",
              "total": 0.13077309999982845,
              "count": 1709,
              "self": 0.0,
              "children": [
                {
                  "name": "worker_root",
                  "total": 878.5900148999979,
                  "count": 8496,
                  "is_parallel": true,
                  "self": 743.6064346999988,
                  "children": [
                    {
                      "name": "UnityEnvironment.step",
                      "total": 134.98358019999907,
                      "count": 8496,
                      "is_parallel": true,
                      "self": 8.38340369999895,
                      "children": [
                        {
                          "name": "UnityEnvironment._generate_step_input",
                          "total": 2.5579425000001113,
                          "count": 8496,
                          "is_parallel": true,
                          "self": 2.5579425000001113
                        },
                        {
                          "name": "communicator.exchange",
                          "total": 124.04223400000001,
                          "count": 8496,
                          "is_parallel": true,
                          "self": 124.04223400000001
                        }
                      ]
                    }
                  ]
                }
              ]
            }
          ]
        },
        {
          "name": "update_policy",
          "total": 36.68990489999999,
          "count": 8,
          "self": 24.671045700000153,
          "children": [
            {
              "name": "PPOPolicy.update",
              "total": 12.018859199999834,
              "count": 1920,
              "self": 12.018859199999834
            }
          ]
        }
      ]
    }
  ]
}