{
  "name": "root",
  "gauges": [
    {
      "name": "AnimalBehavior.mean_reward",
      "value": 0.11764707284815171,
      "min": 0.0,
      "max": 0.977777880926927,
      "count": 98
    }
  ],
  "total": 843.4872419,
  "count": 1,
  "self": 30.19266260000211,
  "children": [
    {
      "name": "TrainerController.advance",
      "total": 813.2945792999978,
      "count": 19858,
      "self": 172.62862219999647,
      "children": [
        {
          "name": "env_step",
          "total": 382.7892203000012,
          "count": 19858,
          "self": 78.53773370001613,
          "children": [
            {
              "name": "SubprocessEnvManager._take_step",
              "total": 301.65067169998514,
              "count": 200009,
              "self": 8.174791299982928,
              "children": [
                {
                  "name": "PPOPolicy.evaluate",
                  "total": 293.4758804000022,
                  "count": 200009,
                  "self": 293.4758804000022
                }
              ]
            },
            {
              "name": "workers",
              "total": 2.600814899999925,
              "count": 19858,
              "self": 0.0,
              "children": [
                {
                  "name": "worker_root",
                  "total": 10026.28213540022,
                  "count": 200007,
                  "is_parallel": true,
                  "self": 9443.191157800204,
                  "children": [
                    {
                      "name": "UnityEnvironment.step",
                      "total": 583.0909776000173,
                      "count": 200007,
                      "is_parallel": true,
                      "self": 66.19644020003295,
                      "children": [
                        {
                          "name": "UnityEnvironment._generate_step_input",
                          "total": 17.916314499993916,
                          "count": 200007,
                          "is_parallel": true,
                          "self": 17.916314499993916
                        },
                        {
                          "name": "communicator.exchange",
                          "total": 498.9782228999904,
                          "count": 200007,
                          "is_parallel": true,
                          "self": 498.9782228999904
                        }
                      ]
                    }
                  ]
                }
              ]
            }
          ]
        },
        {
          "name": "update_policy",
          "total": 257.87673680000023,
          "count": 62,
          "self": 119.89452019999882,
          "children": [
            {
              "name": "PPOPolicy.update",
              "total": 137.9822166000014,
              "count": 37908,
              "self": 137.9822166000014
            }
          ]
        }
      ]
    }
  ]
}