{
  "name": "root",
  "gauges": [
    {
      "name": "AnimalBrain.mean_reward",
      "value": 0.011249999981373549,
      "min": -0.00800000011920929,
      "max": 0.13953488372093023,
      "count": 50
    }
  ],
  "total": 300.2822413,
  "count": 1,
  "self": 26.81327699999906,
  "children": [
    {
      "name": "TrainerController.advance",
      "total": 273.46896430000095,
      "count": 16811,
      "self": 63.831194400000186,
      "children": [
        {
          "name": "env_step",
          "total": 109.80519830000068,
          "count": 16811,
          "self": 24.382268400006183,
          "children": [
            {
              "name": "SubprocessEnvManager._take_step",
              "total": 84.65782469999817,
              "count": 50003,
              "self": 2.113604999993669,
              "children": [
                {
                  "name": "PPOPolicy.evaluate",
                  "total": 82.5442197000045,
                  "count": 50003,
                  "self": 82.5442197000045
                }
              ]
            },
            {
              "name": "workers",
              "total": 0.765105199996321,
              "count": 16811,
              "self": 0.0,
              "children": [
                {
                  "name": "worker_root",
                  "total": 1775.8959970999958,
                  "count": 50000,
                  "is_parallel": true,
                  "self": 1375.0027190999979,
                  "children": [
                    {
                      "name": "UnityEnvironment.step",
                      "total": 400.89327799999796,
                      "count": 50000,
                      "is_parallel": true,
                      "self": 28.075770799996633,
                      "children": [
                        {
                          "name": "UnityEnvironment._generate_step_input",
                          "total": 7.8627544000015,
                          "count": 50000,
                          "is_parallel": true,
                          "self": 7.8627544000015
                        },
                        {
                          "name": "communicator.exchange",
                          "total": 364.9547527999998,
                          "count": 50000,
                          "is_parallel": true,
                          "self": 364.9547527999998
                        }
                      ]
                    }
                  ]
                }
              ]
            }
          ]
        },
        {
          "name": "update_policy",
          "total": 99.83257160000008,
          "count": 47,
          "self": 72.97825359999923,
          "children": [
            {
              "name": "PPOPolicy.update",
              "total": 26.854318000000845,
              "count": 6016,
              "self": 26.854318000000845
            }
          ]
        }
      ]
    }
  ]
}