{
  "name": "root",
  "gauges": [
    {
      "name": "AnimalBehavior.mean_reward",
      "value": -0.47832833032111627,
      "min": -0.5,
      "max": -0.46947420955569086,
      "count": 311
    }
  ],
  "total": 3059.7983194999997,
  "count": 1,
  "self": 76.11840430007715,
  "children": [
    {
      "name": "TrainerController.advance",
      "total": 2983.6799151999226,
      "count": 62409,
      "self": 896.4357822999332,
      "children": [
        {
          "name": "env_step",
          "total": 728.0113093999912,
          "count": 62409,
          "self": 146.72149809989241,
          "children": [
            {
              "name": "SubprocessEnvManager._take_step",
              "total": 577.0445565001119,
              "count": 311264,
              "self": 13.885534100111727,
              "children": [
                {
                  "name": "PPOPolicy.evaluate",
                  "total": 563.1590224000001,
                  "count": 311064,
                  "self": 563.1590224000001
                }
              ]
            },
            {
              "name": "workers",
              "total": 4.245254799986899,
              "count": 62409,
              "self": 0.0,
              "children": [
                {
                  "name": "worker_root",
                  "total": 30498.712130099702,
                  "count": 311259,
                  "is_parallel": true,
                  "self": 25880.81644739991,
                  "children": [
                    {
                      "name": "UnityEnvironment.step",
                      "total": 4617.895682699793,
                      "count": 311259,
                      "is_parallel": true,
                      "self": 303.6201873998225,
                      "children": [
                        {
                          "name": "UnityEnvironment._generate_step_input",
                          "total": 79.3546180000369,
                          "count": 311259,
                          "is_parallel": true,
                          "self": 79.3546180000369
                        },
                        {
                          "name": "communicator.exchange",
                          "total": 4234.920877299934,
                          "count": 311259,
                          "is_parallel": true,
                          "self": 4234.920877299934
                        }
                      ]
                    }
                  ]
                }
              ]
            }
          ]
        },
        {
          "name": "update_policy",
          "total": 1359.232823499998,
          "count": 201,
          "self": 911.5500365999916,
          "children": [
            {
              "name": "PPOPolicy.update",
              "total": 447.68278690000636,
              "count": 67536,
              "self": 447.68278690000636
            }
          ]
        }
      ]
    }
  ]
}