{
  "name": "root",
  "total": 67.3338952,
  "count": 1,
  "self": 67.3338952
}