{
  "name": "root",
  "gauges": [
    {
      "name": "AnimalBehavior.mean_reward",
      "value": 0.0,
      "min": -0.09230769368318412,
      "max": 0.0,
      "count": 9
    }
  ],
  "total": 87.17486149999999,
  "count": 1,
  "self": 12.858311600000008,
  "children": [
    {
      "name": "TrainerController.advance",
      "total": 74.31654989999998,
      "count": 9138,
      "self": 22.921688199999963,
      "children": [
        {
          "name": "env_step",
          "total": 34.669651000000016,
          "count": 9138,
          "self": 7.980667799999363,
          "children": [
            {
              "name": "SubprocessEnvManager._take_step",
              "total": 26.450548500000444,
              "count": 18268,
              "self": 0.6439813999998449,
              "children": [
                {
                  "name": "PPOPolicy.evaluate",
                  "total": 25.8065671000006,
                  "count": 18268,
                  "self": 25.8065671000006
                }
              ]
            },
            {
              "name": "workers",
              "total": 0.23843470000020783,
              "count": 9138,
              "self": 0.0,
              "children": [
                {
                  "name": "worker_root",
                  "total": 332.73397319999737,
                  "count": 18266,
                  "is_parallel": true,
                  "self": 274.23054549999705,
                  "children": [
                    {
                      "name": "UnityEnvironment.step",
                      "total": 58.503427700000294,
                      "count": 18266,
                      "is_parallel": true,
                      "self": 10.5282520999993,
                      "children": [
                        {
                          "name": "UnityEnvironment._generate_step_input",
                          "total": 1.6468298000004986,
                          "count": 18266,
                          "is_parallel": true,
                          "self": 1.6468298000004986
                        },
                        {
                          "name": "communicator.exchange",
                          "total": 46.3283458000005,
                          "count": 18266,
                          "is_parallel": true,
                          "self": 46.3283458000005
                        }
                      ]
                    }
                  ]
                }
              ]
            }
          ]
        },
        {
          "name": "update_policy",
          "total": 16.725210700000005,
          "count": 17,
          "self": 7.8980636000002615,
          "children": [
            {
              "name": "PPOPolicy.update",
              "total": 8.827147099999744,
              "count": 2403,
              "self": 8.827147099999744
            }
          ]
        }
      ]
    }
  ]
}