{
  "name": "root",
  "gauges": [
    {
      "name": "AnimalBehavior.mean_reward",
      "value": 0.0,
      "min": 0.0,
      "max": 0.0833333432674408,
      "count": 107
    }
  ],
  "total": 801.3446071,
  "count": 1,
  "self": 53.722498900014784,
  "children": [
    {
      "name": "TrainerController.advance",
      "total": 747.6221081999852,
      "count": 73770,
      "self": 241.69638869998658,
      "children": [
        {
          "name": "env_step",
          "total": 406.50820019999856,
          "count": 73770,
          "self": 90.78269089998645,
          "children": [
            {
              "name": "SubprocessEnvManager._take_step",
              "total": 313.11203520000925,
              "count": 214149,
              "self": 7.906383099983884,
              "children": [
                {
                  "name": "PPOPolicy.evaluate",
                  "total": 305.20565210002536,
                  "count": 214149,
                  "self": 305.20565210002536
                }
              ]
            },
            {
              "name": "workers",
              "total": 2.6134741000028843,
              "count": 73770,
              "self": 0.0,
              "children": [
                {
                  "name": "worker_root",
                  "total": 3978.573859600046,
                  "count": 214147,
                  "is_parallel": true,
                  "self": 3348.6850342000253,
                  "children": [
                    {
                      "name": "UnityEnvironment.step",
                      "total": 629.8888254000207,
                      "count": 214147,
                      "is_parallel": true,
                      "self": 67.4945619000465,
                      "children": [
                        {
                          "name": "UnityEnvironment._generate_step_input",
                          "total": 19.191570199974425,
                          "count": 214147,
                          "is_parallel": true,
                          "self": 19.191570199974425
                        },
                        {
                          "name": "communicator.exchange",
                          "total": 543.2026932999997,
                          "count": 214147,
                          "is_parallel": true,
                          "self": 543.2026932999997
                        }
                      ]
                    }
                  ]
                }
              ]
            }
          ]
        },
        {
          "name": "update_policy",
          "total": 99.41751930000002,
          "count": 34,
          "self": 71.61514479999894,
          "children": [
            {
              "name": "PPOPolicy.update",
              "total": 27.80237450000108,
              "count": 5740,
              "self": 27.80237450000108
            }
          ]
        }
      ]
    }
  ]
}