{
  "name": "root",
  "gauges": [
    {
      "name": "AnimalBehavior.mean_reward",
      "value": 0.0,
      "min": -0.02500000037252903,
      "max": 0.09677420123930901,
      "count": 52
    }
  ],
  "total": 154.82391950000002,
  "count": 1,
  "self": 18.73119499999987,
  "children": [
    {
      "name": "TrainerController.advance",
      "total": 136.09272450000014,
      "count": 17669,
      "self": 25.36036410000071,
      "children": [
        {
          "name": "env_step",
          "total": 94.83197929999943,
          "count": 17669,
          "self": 21.929901999998805,
          "children": [
            {
              "name": "SubprocessEnvManager._take_step",
              "total": 72.3207674000016,
              "count": 52095,
              "self": 2.052861599999204,
              "children": [
                {
                  "name": "PPOPolicy.evaluate",
                  "total": 70.2679058000024,
                  "count": 52095,
                  "self": 70.2679058000024
                }
              ]
            },
            {
              "name": "workers",
              "total": 0.5813098999990256,
              "count": 17668,
              "self": 0.0,
              "children": [
                {
                  "name": "worker_root",
                  "total": 754.9363214000001,
                  "count": 52090,
                  "is_parallel": true,
                  "self": 605.4657634000009,
                  "children": [
                    {
                      "name": "UnityEnvironment.step",
                      "total": 149.4705579999992,
                      "count": 52090,
                      "is_parallel": true,
                      "self": 15.7831986000011,
                      "children": [
                        {
                          "name": "UnityEnvironment._generate_step_input",
                          "total": 4.226509899999849,
                          "count": 52090,
                          "is_parallel": true,
                          "self": 4.226509899999849
                        },
                        {
                          "name": "communicator.exchange",
                          "total": 129.46084949999823,
                          "count": 52090,
                          "is_parallel": true,
                          "self": 129.46084949999823
                        }
                      ]
                    }
                  ]
                }
              ]
            }
          ]
        },
        {
          "name": "update_policy",
          "total": 15.900381100000011,
          "count": 3,
          "self": 7.025740599999914,
          "children": [
            {
              "name": "PPOPolicy.update",
              "total": 8.874640500000098,
              "count": 2304,
              "self": 8.874640500000098
            }
          ]
        }
      ]
    }
  ]
}