{
  "name": "root",
  "gauges": [
    {
      "name": "AnimalBehavior.mean_reward",
      "value": -0.08597887721326616,
      "min": -0.5,
      "max": 0.022944393898877834,
      "count": 400
    }
  ],
  "total": 4015.7627813999998,
  "count": 1,
  "self": 92.46892689995593,
  "children": [
    {
      "name": "TrainerController.advance",
      "total": 3923.293854500044,
      "count": 80371,
      "self": 848.9617154000766,
      "children": [
        {
          "name": "env_step",
          "total": 934.7605516999712,
          "count": 80371,
          "self": 191.53335459991422,
          "children": [
            {
              "name": "SubprocessEnvManager._take_step",
              "total": 737.7277610999881,
              "count": 400162,
              "self": 17.47245140008374,
              "children": [
                {
                  "name": "PPOPolicy.evaluate",
                  "total": 720.2553096999044,
                  "count": 399962,
                  "self": 720.2553096999044
                }
              ]
            },
            {
              "name": "workers",
              "total": 5.49943600006889,
              "count": 80371,
              "self": 0.0,
              "children": [
                {
                  "name": "worker_root",
                  "total": 40070.065942798436,
                  "count": 400156,
                  "is_parallel": true,
                  "self": 33674.518889698214,
                  "children": [
                    {
                      "name": "UnityEnvironment.step",
                      "total": 6395.547053100223,
                      "count": 400156,
                      "is_parallel": true,
                      "self": 395.56822660014404,
                      "children": [
                        {
                          "name": "UnityEnvironment._generate_step_input",
                          "total": 103.86117329996523,
                          "count": 400156,
                          "is_parallel": true,
                          "self": 103.86117329996523
                        },
                        {
                          "name": "communicator.exchange",
                          "total": 5896.117653200114,
                          "count": 400156,
                          "is_parallel": true,
                          "self": 5896.117653200114
                        }
                      ]
                    }
                  ]
                }
              ]
            }
          ]
        },
        {
          "name": "update_policy",
          "total": 2139.571587399996,
          "count": 284,
          "self": 1442.9290040999877,
          "children": [
            {
              "name": "PPOPolicy.update",
              "total": 696.6425833000085,
              "count": 109056,
              "self": 696.6425833000085
            }
          ]
        }
      ]
    }
  ]
}