{
  "name": "root",
  "gauges": [
    {
      "name": "AnimalBehavior.mean_reward",
      "value": -0.03333333072563013,
      "min": -0.09600000143051148,
      "max": 0.07647059375748914,
      "count": 34
    }
  ],
  "total": 313.4892672,
  "count": 1,
  "self": 28.29519839999938,
  "children": [
    {
      "name": "TrainerController.advance",
      "total": 285.1940688000006,
      "count": 34859,
      "self": 86.34445280000278,
      "children": [
        {
          "name": "env_step",
          "total": 130.2903609999979,
          "count": 34859,
          "self": 29.83852680000257,
          "children": [
            {
              "name": "SubprocessEnvManager._take_step",
              "total": 99.54225019999762,
              "count": 69718,
              "self": 2.5044903999967687,
              "children": [
                {
                  "name": "PPOPolicy.evaluate",
                  "total": 97.03775980000086,
                  "count": 69718,
                  "self": 97.03775980000086
                }
              ]
            },
            {
              "name": "workers",
              "total": 0.9095839999976887,
              "count": 34858,
              "self": 0.0,
              "children": [
                {
                  "name": "worker_root",
                  "total": 1236.9138937999976,
                  "count": 69714,
                  "is_parallel": true,
                  "self": 1039.7273615000026,
                  "children": [
                    {
                      "name": "UnityEnvironment.step",
                      "total": 197.18653229999487,
                      "count": 69714,
                      "is_parallel": true,
                      "self": 21.298175099992164,
                      "children": [
                        {
                          "name": "UnityEnvironment._generate_step_input",
                          "total": 6.073694400002081,
                          "count": 69714,
                          "is_parallel": true,
                          "self": 6.073694400002081
                        },
                        {
                          "name": "communicator.exchange",
                          "total": 169.81466280000063,
                          "count": 69714,
                          "is_parallel": true,
                          "self": 169.81466280000063
                        }
                      ]
                    }
                  ]
                }
              ]
            }
          ]
        },
        {
          "name": "update_policy",
          "total": 68.55925499999994,
          "count": 73,
          "self": 32.39952359999943,
          "children": [
            {
              "name": "PPOPolicy.update",
              "total": 36.1597314000005,
              "count": 10003,
              "self": 36.1597314000005
            }
          ]
        }
      ]
    }
  ]
}