{
  "name": "root",
  "gauges": [
    {
      "name": "AnimalBehavior.mean_reward",
      "value": -0.09473684351695211,
      "min": -0.10000000149011612,
      "max": 0.6702128401462067,
      "count": 65
    }
  ],
  "total": 550.3208328,
  "count": 1,
  "self": 30.026758499999573,
  "children": [
    {
      "name": "TrainerController.advance",
      "total": 520.2940743000004,
      "count": 33655,
      "self": 131.05356300000528,
      "children": [
        {
          "name": "env_step",
          "total": 240.10142609999502,
          "count": 33655,
          "self": 52.12252009998235,
          "children": [
            {
              "name": "SubprocessEnvManager._take_step",
              "total": 186.52163060000296,
              "count": 131032,
              "self": 4.775462900001202,
              "children": [
                {
                  "name": "PPOPolicy.evaluate",
                  "total": 181.74616770000176,
                  "count": 131032,
                  "self": 181.74616770000176
                }
              ]
            },
            {
              "name": "workers",
              "total": 1.457275400009694,
              "count": 33654,
              "self": 0.0,
              "children": [
                {
                  "name": "worker_root",
                  "total": 3270.042861199988,
                  "count": 131028,
                  "is_parallel": true,
                  "self": 2904.5858076999734,
                  "children": [
                    {
                      "name": "UnityEnvironment.step",
                      "total": 365.4570535000143,
                      "count": 131028,
                      "is_parallel": true,
                      "self": 40.48099330002634,
                      "children": [
                        {
                          "name": "UnityEnvironment._generate_step_input",
                          "total": 11.227903300003515,
                          "count": 131028,
                          "is_parallel": true,
                          "self": 11.227903300003515
                        },
                        {
                          "name": "communicator.exchange",
                          "total": 313.74815689998445,
                          "count": 131028,
                          "is_parallel": true,
                          "self": 313.74815689998445
                        }
                      ]
                    }
                  ]
                }
              ]
            }
          ]
        },
        {
          "name": "update_policy",
          "total": 149.13908520000004,
          "count": 41,
          "self": 71.0800570999991,
          "children": [
            {
              "name": "PPOPolicy.update",
              "total": 78.05902810000094,
              "count": 21960,
              "self": 78.05902810000094
            }
          ]
        }
      ]
    }
  ]
}