{
  "name": "root",
  "gauges": [
    {
      "name": "AnimalBrain.mean_reward",
      "value": 0.03333333229261731,
      "min": -0.051546392520678413,
      "max": 0.07692307603155446,
      "count": 28
    }
  ],
  "total": 273.00352910000004,
  "count": 1,
  "self": 47.43878950000257,
  "children": [
    {
      "name": "TrainerController.advance",
      "total": 225.56473959999747,
      "count": 28071,
      "self": 45.410312799997854,
      "children": [
        {
          "name": "env_step",
          "total": 118.49812149999954,
          "count": 28071,
          "self": 73.05441870000125,
          "children": [
            {
              "name": "SubprocessEnvManager._take_step",
              "total": 44.96610889999859,
              "count": 28117,
              "self": 1.116976199997552,
              "children": [
                {
                  "name": "PPOPolicy.evaluate",
                  "total": 43.849132700001036,
                  "count": 28117,
                  "self": 43.849132700001036
                }
              ]
            },
            {
              "name": "workers",
              "total": 0.47759389999970026,
              "count": 28070,
              "self": 0.0,
              "children": [
                {
                  "name": "worker_root",
                  "total": 540.6697340999979,
                  "count": 28115,
                  "is_parallel": true,
                  "self": 317.0213069999994,
                  "children": [
                    {
                      "name": "UnityEnvironment.step",
                      "total": 223.6484270999985,
                      "count": 28115,
                      "is_parallel": true,
                      "self": 13.769126899997389,
                      "children": [
                        {
                          "name": "UnityEnvironment._generate_step_input",
                          "total": 3.8344025000012727,
                          "count": 28115,
                          "is_parallel": true,
                          "self": 3.8344025000012727
                        },
                        {
                          "name": "communicator.exchange",
                          "total": 206.04489769999984,
                          "count": 28115,
                          "is_parallel": true,
                          "self": 206.04489769999984
                        }
                      ]
                    }
                  ]
                }
              ]
            }
          ]
        },
        {
          "name": "update_policy",
          "total": 61.65630530000008,
          "count": 593,
          "self": 18.05842379999853,
          "children": [
            {
              "name": "PPOPolicy.update",
              "total": 43.59788150000155,
              "count": 19650,
              "self": 43.59788150000155
            }
          ]
        }
      ]
    }
  ]
}