{
  "name": "root",
  "gauges": [
    {
      "name": "AnimalBehavior.mean_reward",
      "value": -0.47890873225904734,
      "min": -0.48364285882429353,
      "max": -0.4732696202731648,
      "count": 4
    }
  ],
  "total": 135.62014520000002,
  "count": 1,
  "self": 15.294711800000016,
  "children": [
    {
      "name": "TrainerController.advance",
      "total": 120.32543340000001,
      "count": 1768,
      "self": 39.07614849999962,
      "children": [
        {
          "name": "env_step",
          "total": 8.969317700000367,
          "count": 1768,
          "self": 2.136470900000546,
          "children": [
            {
              "name": "SubprocessEnvManager._take_step",
              "total": 6.776691900000163,
              "count": 4212,
              "self": 0.16782550000015206,
              "children": [
                {
                  "name": "PPOPolicy.evaluate",
                  "total": 6.608866400000011,
                  "count": 3922,
                  "self": 6.608866400000011
                }
              ]
            },
            {
              "name": "workers",
              "total": 0.05615489999965817,
              "count": 1768,
              "self": 0.0,
              "children": [
                {
                  "name": "worker_root",
                  "total": 655.3930135000012,
                  "count": 4209,
                  "is_parallel": true,
                  "self": 570.1641297000014,
                  "children": [
                    {
                      "name": "UnityEnvironment.step",
                      "total": 85.22888379999985,
                      "count": 4209,
                      "is_parallel": true,
                      "self": 7.856795399999825,
                      "children": [
                        {
                          "name": "UnityEnvironment._generate_step_input",
                          "total": 2.1134495000004017,
                          "count": 4209,
                          "is_parallel": true,
                          "self": 2.1134495000004017
                        },
                        {
                          "name": "communicator.exchange",
                          "total": 75.25863889999962,
                          "count": 4209,
                          "is_parallel": true,
                          "self": 75.25863889999962
                        }
                      ]
                    }
                  ]
                }
              ]
            }
          ]
        },
        {
          "name": "update_policy",
          "total": 72.27996720000003,
          "count": 11,
          "self": 30.3996499,
          "children": [
            {
              "name": "PPOPolicy.update",
              "total": 41.88031730000003,
              "count": 1785,
              "self": 41.88031730000003
            }
          ]
        }
      ]
    }
  ]
}