{
  "name": "root",
  "gauges": [
    {
      "name": "My Behavior.mean_reward",
      "value": 0.40372670807453415,
      "min": 0.08771929824561403,
      "max": 0.4371069182389937,
      "count": 47
    }
  ],
  "total": 947.6117085,
  "count": 1,
  "self": 128.42949199999737,
  "children": [
    {
      "name": "TrainerController.advance",
      "total": 819.1822165000026,
      "count": 50767,
      "self": 165.45404140000028,
      "children": [
        {
          "name": "env_step",
          "total": 255.03668190000207,
          "count": 50767,
          "self": 56.12256819999919,
          "children": [
            {
              "name": "SubprocessEnvManager._take_step",
              "total": 197.24224700000696,
              "count": 95500,
              "self": 5.121385400009274,
              "children": [
                {
                  "name": "PPOPolicy.evaluate",
                  "total": 192.12086159999768,
                  "count": 95500,
                  "self": 192.12086159999768
                }
              ]
            },
            {
              "name": "workers",
              "total": 1.6718666999959044,
              "count": 50767,
              "self": 0.0,
              "children": [
                {
                  "name": "worker_root",
                  "total": 3763.062265799974,
                  "count": 95498,
                  "is_parallel": true,
                  "self": 2962.2213899999783,
                  "children": [
                    {
                      "name": "UnityEnvironment.step",
                      "total": 800.8408757999956,
                      "count": 95498,
                      "is_parallel": true,
                      "self": 61.67494679998106,
                      "children": [
                        {
                          "name": "UnityEnvironment._generate_step_input",
                          "total": 18.042928500014998,
                          "count": 95498,
                          "is_parallel": true,
                          "self": 18.042928500014998
                        },
                        {
                          "name": "communicator.exchange",
                          "total": 721.1230004999995,
                          "count": 95498,
                          "is_parallel": true,
                          "self": 721.1230004999995
                        }
                      ]
                    }
                  ]
                }
              ]
            }
          ]
        },
        {
          "name": "update_policy",
          "total": 398.6914932000003,
          "count": 89,
          "self": 181.74661499999533,
          "children": [
            {
              "name": "PPOPolicy.update",
              "total": 216.94487820000498,
              "count": 50834,
              "self": 216.94487820000498
            }
          ]
        }
      ]
    }
  ]
}