{
  "name": "root",
  "gauges": [
    {
      "name": "AnimalBrain.mean_reward",
      "value": -0.02978723464494056,
      "min": -0.09929577612750967,
      "max": 0.061983470273904565,
      "count": 33
    }
  ],
  "total": 302.16186350000004,
  "count": 1,
  "self": 21.614469000001236,
  "children": [
    {
      "name": "TrainerController.advance",
      "total": 280.5473944999988,
      "count": 11125,
      "self": 43.48243389999749,
      "children": [
        {
          "name": "env_step",
          "total": 70.85697500000137,
          "count": 11125,
          "self": 15.441260500005924,
          "children": [
            {
              "name": "SubprocessEnvManager._take_step",
              "total": 54.91565089999695,
              "count": 33025,
              "self": 1.3057785000017645,
              "children": [
                {
                  "name": "PPOPolicy.evaluate",
                  "total": 53.60987239999518,
                  "count": 33025,
                  "self": 53.60987239999518
                }
              ]
            },
            {
              "name": "workers",
              "total": 0.5000635999985015,
              "count": 11125,
              "self": 0.0,
              "children": [
                {
                  "name": "worker_root",
                  "total": 1764.076284599992,
                  "count": 33022,
                  "is_parallel": true,
                  "self": 1501.5995770999925,
                  "children": [
                    {
                      "name": "UnityEnvironment.step",
                      "total": 262.4767074999994,
                      "count": 33022,
                      "is_parallel": true,
                      "self": 18.50878469999526,
                      "children": [
                        {
                          "name": "UnityEnvironment._generate_step_input",
                          "total": 5.110234800001518,
                          "count": 33022,
                          "is_parallel": true,
                          "self": 5.110234800001518
                        },
                        {
                          "name": "communicator.exchange",
                          "total": 238.85768800000264,
                          "count": 33022,
                          "is_parallel": true,
                          "self": 238.85768800000264
                        }
                      ]
                    }
                  ]
                }
              ]
            }
          ]
        },
        {
          "name": "update_policy",
          "total": 166.20798559999994,
          "count": 31,
          "self": 21.85163339999835,
          "children": [
            {
              "name": "PPOPolicy.update",
              "total": 144.3563522000016,
              "count": 63073,
              "self": 144.3563522000016
            }
          ]
        }
      ]
    }
  ]
}