{
  "name": "root",
  "gauges": [
    {
      "name": "AnimalBehavior.mean_reward",
      "value": 0.06198244174495994,
      "min": 0.0,
      "max": 0.4636914357204841,
      "count": 34
    }
  ],
  "total": 523.7991360999999,
  "count": 1,
  "self": 64.5861543000002,
  "children": [
    {
      "name": "TrainerController.advance",
      "total": 459.21298179999974,
      "count": 24330,
      "self": 161.16166420000235,
      "children": [
        {
          "name": "env_step",
          "total": 159.19418359999742,
          "count": 24330,
          "self": 35.18835609999506,
          "children": [
            {
              "name": "SubprocessEnvManager._take_step",
              "total": 122.960699700003,
              "count": 68750,
              "self": 3.07001830000533,
              "children": [
                {
                  "name": "PPOPolicy.evaluate",
                  "total": 119.89068139999767,
                  "count": 68750,
                  "self": 119.89068139999767
                }
              ]
            },
            {
              "name": "workers",
              "total": 1.045127799999353,
              "count": 24330,
              "self": 0.0,
              "children": [
                {
                  "name": "worker_root",
                  "total": 3114.5963621000037,
                  "count": 68748,
                  "is_parallel": true,
                  "self": 2210.24752060001,
                  "children": [
                    {
                      "name": "UnityEnvironment.step",
                      "total": 904.3488414999939,
                      "count": 68748,
                      "is_parallel": true,
                      "self": 40.0019086999996,
                      "children": [
                        {
                          "name": "UnityEnvironment._generate_step_input",
                          "total": 11.243608899994705,
                          "count": 68748,
                          "is_parallel": true,
                          "self": 11.243608899994705
                        },
                        {
                          "name": "communicator.exchange",
                          "total": 853.1033238999996,
                          "count": 68748,
                          "is_parallel": true,
                          "self": 853.1033238999996
                        }
                      ]
                    }
                  ]
                }
              ]
            }
          ]
        },
        {
          "name": "update_policy",
          "total": 138.85713399999997,
          "count": 31,
          "self": 100.54845059999695,
          "children": [
            {
              "name": "PPOPolicy.update",
              "total": 38.30868340000302,
              "count": 8184,
              "self": 38.30868340000302
            }
          ]
        }
      ]
    }
  ]
}