{
  "name": "root",
  "gauges": [
    {
      "name": "AnimalBehavior.mean_reward",
      "value": -0.36904762637993643,
      "min": -0.3871681531314301,
      "max": 0.004545457886927055,
      "count": 93
    }
  ],
  "total": 1115.4069111,
  "count": 1,
  "self": 294.8645061000062,
  "children": [
    {
      "name": "TrainerController.advance",
      "total": 820.5424049999937,
      "count": 85742,
      "self": 285.1610599999875,
      "children": [
        {
          "name": "env_step",
          "total": 459.6161157000063,
          "count": 85742,
          "self": 99.02824999997603,
          "children": [
            {
              "name": "SubprocessEnvManager._take_step",
              "total": 357.7121900000274,
              "count": 187709,
              "self": 7.980125600014162,
              "children": [
                {
                  "name": "PPOPolicy.evaluate",
                  "total": 349.73206440001326,
                  "count": 187689,
                  "self": 349.73206440001326
                }
              ]
            },
            {
              "name": "workers",
              "total": 2.875675700002847,
              "count": 85742,
              "self": 0.0,
              "children": [
                {
                  "name": "worker_root",
                  "total": 5543.166838699921,
                  "count": 187707,
                  "is_parallel": true,
                  "self": 3350.4448988999206,
                  "children": [
                    {
                      "name": "UnityEnvironment.step",
                      "total": 2192.7219398,
                      "count": 187707,
                      "is_parallel": true,
                      "self": 65.41043879999825,
                      "children": [
                        {
                          "name": "UnityEnvironment._generate_step_input",
                          "total": 17.986675499983576,
                          "count": 187707,
                          "is_parallel": true,
                          "self": 17.986675499983576
                        },
                        {
                          "name": "communicator.exchange",
                          "total": 2109.3248255000185,
                          "count": 187707,
                          "is_parallel": true,
                          "self": 2109.3248255000185
                        }
                      ]
                    }
                  ]
                }
              ]
            }
          ]
        },
        {
          "name": "update_policy",
          "total": 75.76522929999989,
          "count": 17,
          "self": 44.38259459999885,
          "children": [
            {
              "name": "PPOPolicy.update",
              "total": 31.382634700001034,
              "count": 6970,
              "self": 31.382634700001034
            }
          ]
        }
      ]
    }
  ]
}