{
  "name": "root",
  "gauges": [
    {
      "name": "AnimalBehavior.mean_reward",
      "value": -0.5,
      "min": -0.5,
      "max": -0.48206970686587347,
      "count": 11
    }
  ],
  "total": 358.87064949999996,
  "count": 1,
  "self": 18.784275500000547,
  "children": [
    {
      "name": "TrainerController.advance",
      "total": 340.0863739999994,
      "count": 2248,
      "self": 101.26575529999849,
      "children": [
        {
          "name": "env_step",
          "total": 24.04979560000085,
          "count": 2248,
          "self": 5.2005348999991625,
          "children": [
            {
              "name": "SubprocessEnvManager._take_step",
              "total": 18.698321000000334,
              "count": 11187,
              "self": 0.48541180000201933,
              "children": [
                {
                  "name": "PPOPolicy.evaluate",
                  "total": 18.212909199998315,
                  "count": 10607,
                  "self": 18.212909199998315
                }
              ]
            },
            {
              "name": "workers",
              "total": 0.15093970000135215,
              "count": 2248,
              "self": 0.0,
              "children": [
                {
                  "name": "worker_root",
                  "total": 3469.8653845999993,
                  "count": 11182,
                  "is_parallel": true,
                  "self": 3228.7499122000027,
                  "children": [
                    {
                      "name": "UnityEnvironment.step",
                      "total": 241.11547239999686,
                      "count": 11182,
                      "is_parallel": true,
                      "self": 23.586862599995698,
                      "children": [
                        {
                          "name": "UnityEnvironment._generate_step_input",
                          "total": 6.049828700001007,
                          "count": 11182,
                          "is_parallel": true,
                          "self": 6.049828700001007
                        },
                        {
                          "name": "communicator.exchange",
                          "total": 211.47878110000016,
                          "count": 11182,
                          "is_parallel": true,
                          "self": 211.47878110000016
                        }
                      ]
                    }
                  ]
                }
              ]
            }
          ]
        },
        {
          "name": "update_policy",
          "total": 214.77082310000006,
          "count": 33,
          "self": 92.33454719999656,
          "children": [
            {
              "name": "PPOPolicy.update",
              "total": 122.4362759000035,
              "count": 5212,
              "self": 122.4362759000035
            }
          ]
        }
      ]
    }
  ]
}