{
  "name": "root",
  "gauges": [
    {
      "name": "AnimalBehavior.mean_reward",
      "value": -0.5,
      "min": -0.5,
      "max": -0.46956085629405986,
      "count": 11
    }
  ],
  "total": 157.0422775,
  "count": 1,
  "self": 24.598115300000273,
  "children": [
    {
      "name": "TrainerController.advance",
      "total": 132.44416219999974,
      "count": 2571,
      "self": 28.73176179999969,
      "children": [
        {
          "name": "env_step",
          "total": 32.26750580000004,
          "count": 2571,
          "self": 6.985006999999282,
          "children": [
            {
              "name": "SubprocessEnvManager._take_step",
              "total": 25.116440100000624,
              "count": 11869,
              "self": 0.5464301999997012,
              "children": [
                {
                  "name": "PPOPolicy.evaluate",
                  "total": 24.570009900000922,
                  "count": 11669,
                  "self": 24.570009900000922
                }
              ]
            },
            {
              "name": "workers",
              "total": 0.16605870000013212,
              "count": 2571,
              "self": 0.0,
              "children": [
                {
                  "name": "worker_root",
                  "total": 1461.4331019000108,
                  "count": 11863,
                  "is_parallel": true,
                  "self": 1168.2084750000117,
                  "children": [
                    {
                      "name": "UnityEnvironment.step",
                      "total": 293.22462689999907,
                      "count": 11863,
                      "is_parallel": true,
                      "self": 48.49137169999969,
                      "children": [
                        {
                          "name": "UnityEnvironment._generate_step_input",
                          "total": 3.091712199999982,
                          "count": 11863,
                          "is_parallel": true,
                          "self": 3.091712199999982
                        },
                        {
                          "name": "communicator.exchange",
                          "total": 241.6415429999994,
                          "count": 11863,
                          "is_parallel": true,
                          "self": 241.6415429999994
                        }
                      ]
                    }
                  ]
                }
              ]
            }
          ]
        },
        {
          "name": "update_policy",
          "total": 71.44489460000001,
          "count": 12,
          "self": 33.74257860000002,
          "children": [
            {
              "name": "PPOPolicy.update",
              "total": 37.70231599999999,
              "count": 10368,
              "self": 37.70231599999999
            }
          ]
        }
      ]
    }
  ]
}