{
  "name": "root",
  "gauges": [
    {
      "name": "AnimalBrain.mean_reward",
      "value": 0.2840707960777578,
      "min": -0.038297872911108304,
      "max": 0.3537190078703825,
      "count": 150
    }
  ],
  "total": 947.2647955,
  "count": 1,
  "self": 63.16168580000101,
  "children": [
    {
      "name": "TrainerController.advance",
      "total": 884.103109699999,
      "count": 50369,
      "self": 197.65764640000486,
      "children": [
        {
          "name": "env_step",
          "total": 334.0982726999941,
          "count": 50369,
          "self": 74.14250539998585,
          "children": [
            {
              "name": "SubprocessEnvManager._take_step",
              "total": 257.64623860001257,
              "count": 150004,
              "self": 6.160771300010509,
              "children": [
                {
                  "name": "PPOPolicy.evaluate",
                  "total": 251.48546730000206,
                  "count": 150004,
                  "self": 251.48546730000206
                }
              ]
            },
            {
              "name": "workers",
              "total": 2.3095286999956883,
              "count": 50369,
              "self": 0.0,
              "children": [
                {
                  "name": "worker_root",
                  "total": 5650.662659599925,
                  "count": 150002,
                  "is_parallel": true,
                  "self": 4446.905130999928,
                  "children": [
                    {
                      "name": "UnityEnvironment.step",
                      "total": 1203.7575285999974,
                      "count": 150002,
                      "is_parallel": true,
                      "self": 85.46241390003092,
                      "children": [
                        {
                          "name": "UnityEnvironment._generate_step_input",
                          "total": 23.922125899990103,
                          "count": 150002,
                          "is_parallel": true,
                          "self": 23.922125899990103
                        },
                        {
                          "name": "communicator.exchange",
                          "total": 1094.3729887999764,
                          "count": 150002,
                          "is_parallel": true,
                          "self": 1094.3729887999764
                        }
                      ]
                    }
                  ]
                }
              ]
            }
          ]
        },
        {
          "name": "update_policy",
          "total": 352.3471906,
          "count": 141,
          "self": 222.5012422999962,
          "children": [
            {
              "name": "PPOPolicy.update",
              "total": 129.84594830000378,
              "count": 37232,
              "self": 129.84594830000378
            }
          ]
        }
      ]
    }
  ]
}