{
  "name": "root",
  "gauges": [
    {
      "name": "AnimalBehavior.mean_reward",
      "value": -0.0015384616760107186,
      "min": -0.23010753031058978,
      "max": 0.05230769813060761,
      "count": 129
    }
  ],
  "total": 1555.9839180000001,
  "count": 1,
  "self": 441.2092134000261,
  "children": [
    {
      "name": "TrainerController.advance",
      "total": 1114.774704599974,
      "count": 119548,
      "self": 368.258734299965,
      "children": [
        {
          "name": "env_step",
          "total": 619.9545785000089,
          "count": 119548,
          "self": 133.96996980002746,
          "children": [
            {
              "name": "SubprocessEnvManager._take_step",
              "total": 482.075086699976,
              "count": 258039,
              "self": 10.895070999987752,
              "children": [
                {
                  "name": "PPOPolicy.evaluate",
                  "total": 471.18001569998825,
                  "count": 258019,
                  "self": 471.18001569998825
                }
              ]
            },
            {
              "name": "workers",
              "total": 3.9095220000054347,
              "count": 119547,
              "self": 0.0,
              "children": [
                {
                  "name": "worker_root",
                  "total": 7742.170161799909,
                  "count": 258034,
                  "is_parallel": true,
                  "self": 4694.373907599909,
                  "children": [
                    {
                      "name": "UnityEnvironment.step",
                      "total": 3047.796254199999,
                      "count": 258034,
                      "is_parallel": true,
                      "self": 88.9237372000498,
                      "children": [
                        {
                          "name": "UnityEnvironment._generate_step_input",
                          "total": 24.19521109998336,
                          "count": 258034,
                          "is_parallel": true,
                          "self": 24.19521109998336
                        },
                        {
                          "name": "communicator.exchange",
                          "total": 2934.677305899966,
                          "count": 258034,
                          "is_parallel": true,
                          "self": 2934.677305899966
                        }
                      ]
                    }
                  ]
                }
              ]
            }
          ]
        },
        {
          "name": "update_policy",
          "total": 126.5613918000002,
          "count": 30,
          "self": 75.64982119997833,
          "children": [
            {
              "name": "PPOPolicy.update",
              "total": 50.91157060002186,
              "count": 11880,
              "self": 50.91157060002186
            }
          ]
        }
      ]
    }
  ]
}