{
  "name": "root",
  "gauges": [
    {
      "name": "AnimalBehavior.mean_reward",
      "value": -0.10000000149011612,
      "min": -0.10000000149011612,
      "max": 0.316666708017389,
      "count": 76
    }
  ],
  "total": 316.6859638,
  "count": 1,
  "self": 32.243969600001094,
  "children": [
    {
      "name": "TrainerController.advance",
      "total": 284.44199419999893,
      "count": 38456,
      "self": 52.37181489999975,
      "children": [
        {
          "name": "env_step",
          "total": 141.50388699999917,
          "count": 38456,
          "self": 31.86205589999203,
          "children": [
            {
              "name": "SubprocessEnvManager._take_step",
              "total": 108.67841430000793,
              "count": 76906,
              "self": 2.7121294000128415,
              "children": [
                {
                  "name": "PPOPolicy.evaluate",
                  "total": 105.96628489999509,
                  "count": 76906,
                  "self": 105.96628489999509
                }
              ]
            },
            {
              "name": "workers",
              "total": 0.9634167999992105,
              "count": 38456,
              "self": 0.0,
              "children": [
                {
                  "name": "worker_root",
                  "total": 1250.4141373000016,
                  "count": 76904,
                  "is_parallel": true,
                  "self": 1041.5041472000057,
                  "children": [
                    {
                      "name": "UnityEnvironment.step",
                      "total": 208.90999009999598,
                      "count": 76904,
                      "is_parallel": true,
                      "self": 22.531138600003004,
                      "children": [
                        {
                          "name": "UnityEnvironment._generate_step_input",
                          "total": 6.348819899994744,
                          "count": 76904,
                          "is_parallel": true,
                          "self": 6.348819899994744
                        },
                        {
                          "name": "communicator.exchange",
                          "total": 180.03003159999824,
                          "count": 76904,
                          "is_parallel": true,
                          "self": 180.03003159999824
                        }
                      ]
                    }
                  ]
                }
              ]
            }
          ]
        },
        {
          "name": "update_policy",
          "total": 90.56629230000001,
          "count": 24,
          "self": 40.58713149999704,
          "children": [
            {
              "name": "PPOPolicy.update",
              "total": 49.97916080000297,
              "count": 12616,
              "self": 49.97916080000297
            }
          ]
        }
      ]
    }
  ]
}