{
  "name": "root",
  "gauges": [
    {
      "name": "My Behavior.mean_reward",
      "value": 0.25170068027210885,
      "min": 0.022321428571428572,
      "max": 0.29432624113475175,
      "count": 92
    }
  ],
  "total": 1298.51729,
  "count": 1,
  "self": 48.19443100002513,
  "children": [
    {
      "name": "TrainerController.advance",
      "total": 1250.3228589999749,
      "count": 52863,
      "self": 263.70407039999213,
      "children": [
        {
          "name": "env_step",
          "total": 396.4310513999824,
          "count": 52863,
          "self": 87.9105918999764,
          "children": [
            {
              "name": "SubprocessEnvManager._take_step",
              "total": 305.81733889999555,
              "count": 185285,
              "self": 7.525509199967928,
              "children": [
                {
                  "name": "PPOPolicy.evaluate",
                  "total": 298.2918297000276,
                  "count": 185285,
                  "self": 298.2918297000276
                }
              ]
            },
            {
              "name": "workers",
              "total": 2.703120600010452,
              "count": 52862,
              "self": 0.0,
              "children": [
                {
                  "name": "worker_root",
                  "total": 9048.224102200098,
                  "count": 185278,
                  "is_parallel": true,
                  "self": 7757.329955800119,
                  "children": [
                    {
                      "name": "UnityEnvironment.step",
                      "total": 1290.8941463999793,
                      "count": 185278,
                      "is_parallel": true,
                      "self": 103.90612869995402,
                      "children": [
                        {
                          "name": "UnityEnvironment._generate_step_input",
                          "total": 29.448814100044352,
                          "count": 185278,
                          "is_parallel": true,
                          "self": 29.448814100044352
                        },
                        {
                          "name": "communicator.exchange",
                          "total": 1157.539203599981,
                          "count": 185278,
                          "is_parallel": true,
                          "self": 1157.539203599981
                        }
                      ]
                    }
                  ]
                }
              ]
            }
          ]
        },
        {
          "name": "update_policy",
          "total": 590.1877372000004,
          "count": 167,
          "self": 305.9384757999913,
          "children": [
            {
              "name": "PPOPolicy.update",
              "total": 284.24926140000906,
              "count": 96228,
              "self": 284.24926140000906
            }
          ]
        }
      ]
    }
  ]
}