{
  "name": "root",
  "gauges": [
    {
      "name": "AnimalBehavior.mean_reward",
      "value": -0.4000000059604645,
      "min": -0.44036145503801033,
      "max": -0.07575755760525212,
      "count": 150
    }
  ],
  "total": 1377.6687673000001,
  "count": 1,
  "self": 350.78021070003547,
  "children": [
    {
      "name": "TrainerController.advance",
      "total": 1026.8885565999647,
      "count": 168412,
      "self": 266.00543839996976,
      "children": [
        {
          "name": "env_step",
          "total": 649.8000324999944,
          "count": 168412,
          "self": 141.21686790001803,
          "children": [
            {
              "name": "SubprocessEnvManager._take_step",
              "total": 504.3394138999763,
              "count": 300016,
              "self": 12.102160600019488,
              "children": [
                {
                  "name": "PPOPolicy.evaluate",
                  "total": 492.2372532999568,
                  "count": 300000,
                  "self": 492.2372532999568
                }
              ]
            },
            {
              "name": "workers",
              "total": 4.243750700000012,
              "count": 168412,
              "self": 0.0,
              "children": [
                {
                  "name": "worker_root",
                  "total": 5483.809709200137,
                  "count": 300014,
                  "is_parallel": true,
                  "self": 3469.6587032001826,
                  "children": [
                    {
                      "name": "UnityEnvironment.step",
                      "total": 2014.1510059999548,
                      "count": 300014,
                      "is_parallel": true,
                      "self": 93.90337849997877,
                      "children": [
                        {
                          "name": "UnityEnvironment._generate_step_input",
                          "total": 24.819974300013175,
                          "count": 300014,
                          "is_parallel": true,
                          "self": 24.819974300013175
                        },
                        {
                          "name": "communicator.exchange",
                          "total": 1895.4276531999628,
                          "count": 300014,
                          "is_parallel": true,
                          "self": 1895.4276531999628
                        }
                      ]
                    }
                  ]
                }
              ]
            }
          ]
        },
        {
          "name": "update_policy",
          "total": 111.0830857000006,
          "count": 33,
          "self": 67.63334730000926,
          "children": [
            {
              "name": "PPOPolicy.update",
              "total": 43.449738399991325,
              "count": 10890,
              "self": 43.449738399991325
            }
          ]
        }
      ]
    }
  ]
}