{
  "name": "root",
  "gauges": [
    {
      "name": "AnimalBehavior.mean_reward",
      "value": 0.0,
      "min": -0.022222222553359136,
      "max": 0.14137932195745664,
      "count": 123
    }
  ],
  "total": 354.155434,
  "count": 1,
  "self": 29.074980700000424,
  "children": [
    {
      "name": "TrainerController.advance",
      "total": 325.0804532999996,
      "count": 31513,
      "self": 55.741609500005325,
      "children": [
        {
          "name": "env_step",
          "total": 233.40220099999422,
          "count": 31513,
          "self": 53.255635399994645,
          "children": [
            {
              "name": "SubprocessEnvManager._take_step",
              "total": 178.79254669999779,
              "count": 123857,
              "self": 5.172572999999261,
              "children": [
                {
                  "name": "PPOPolicy.evaluate",
                  "total": 173.61997369999852,
                  "count": 123857,
                  "self": 173.61997369999852
                }
              ]
            },
            {
              "name": "workers",
              "total": 1.354018900001794,
              "count": 31512,
              "self": 0.0,
              "children": [
                {
                  "name": "worker_root",
                  "total": 2095.3721517999757,
                  "count": 123852,
                  "is_parallel": true,
                  "self": 1720.8605991999739,
                  "children": [
                    {
                      "name": "UnityEnvironment.step",
                      "total": 374.5115526000018,
                      "count": 123852,
                      "is_parallel": true,
                      "self": 41.2023587000067,
                      "children": [
                        {
                          "name": "UnityEnvironment._generate_step_input",
                          "total": 10.634738899996687,
                          "count": 123852,
                          "is_parallel": true,
                          "self": 10.634738899996687
                        },
                        {
                          "name": "communicator.exchange",
                          "total": 322.6744549999984,
                          "count": 123852,
                          "is_parallel": true,
                          "self": 322.6744549999984
                        }
                      ]
                    }
                  ]
                }
              ]
            }
          ]
        },
        {
          "name": "update_policy",
          "total": 35.93664280000004,
          "count": 7,
          "self": 17.458612399999858,
          "children": [
            {
              "name": "PPOPolicy.update",
              "total": 18.47803040000018,
              "count": 5376,
              "self": 18.47803040000018
            }
          ]
        }
      ]
    }
  ]
}