{
  "name": "root",
  "gauges": [
    {
      "name": "AnimalBrain.mean_reward",
      "value": -0.04000000059604645,
      "min": -0.10000000149011612,
      "max": 0.25833333283662796,
      "count": 86
    }
  ],
  "total": 293.7674538,
  "count": 1,
  "self": 22.220003300003043,
  "children": [
    {
      "name": "TrainerController.advance",
      "total": 271.54745049999696,
      "count": 12470,
      "self": 45.25276739999765,
      "children": [
        {
          "name": "env_step",
          "total": 189.06644949999912,
          "count": 12470,
          "self": 40.50272259999812,
          "children": [
            {
              "name": "SubprocessEnvManager._take_step",
              "total": 147.37199259999932,
              "count": 86116,
              "self": 3.509608200005289,
              "children": [
                {
                  "name": "PPOPolicy.evaluate",
                  "total": 143.86238439999403,
                  "count": 86116,
                  "self": 143.86238439999403
                }
              ]
            },
            {
              "name": "workers",
              "total": 1.1917343000016896,
              "count": 12469,
              "self": 0.0,
              "children": [
                {
                  "name": "worker_root",
                  "total": 2872.6961436000092,
                  "count": 86107,
                  "is_parallel": true,
                  "self": 2366.8576027000086,
                  "children": [
                    {
                      "name": "UnityEnvironment.step",
                      "total": 505.8385409000007,
                      "count": 86107,
                      "is_parallel": true,
                      "self": 29.66533840000028,
                      "children": [
                        {
                          "name": "UnityEnvironment._generate_step_input",
                          "total": 8.284020500001365,
                          "count": 86107,
                          "is_parallel": true,
                          "self": 8.284020500001365
                        },
                        {
                          "name": "communicator.exchange",
                          "total": 467.88918199999904,
                          "count": 86107,
                          "is_parallel": true,
                          "self": 467.88918199999904
                        }
                      ]
                    }
                  ]
                }
              ]
            }
          ]
        },
        {
          "name": "update_policy",
          "total": 37.228233600000166,
          "count": 325,
          "self": 13.938535700001069,
          "children": [
            {
              "name": "PPOPolicy.update",
              "total": 23.289697899999098,
              "count": 10134,
              "self": 23.289697899999098
            }
          ]
        }
      ]
    }
  ]
}