{
  "name": "root",
  "gauges": [
    {
      "name": "AnimalBehavior.mean_reward",
      "value": -0.10000000149011612,
      "min": -0.10000000149011612,
      "max": 0.20476193051962627,
      "count": 130
    }
  ],
  "total": 503.0422653,
  "count": 1,
  "self": 50.33431639999759,
  "children": [
    {
      "name": "TrainerController.advance",
      "total": 452.7079489000024,
      "count": 65138,
      "self": 94.724357300002,
      "children": [
        {
          "name": "env_step",
          "total": 239.16280870000037,
          "count": 65138,
          "self": 55.15019020001054,
          "children": [
            {
              "name": "SubprocessEnvManager._take_step",
              "total": 182.3231621999858,
              "count": 130272,
              "self": 4.632342599987396,
              "children": [
                {
                  "name": "PPOPolicy.evaluate",
                  "total": 177.6908195999984,
                  "count": 130272,
                  "self": 177.6908195999984
                }
              ]
            },
            {
              "name": "workers",
              "total": 1.6894563000040357,
              "count": 65138,
              "self": 0.0,
              "children": [
                {
                  "name": "worker_root",
                  "total": 1984.3096295000332,
                  "count": 130270,
                  "is_parallel": true,
                  "self": 1621.6549774000273,
                  "children": [
                    {
                      "name": "UnityEnvironment.step",
                      "total": 362.65465210000593,
                      "count": 130270,
                      "is_parallel": true,
                      "self": 39.66048700001721,
                      "children": [
                        {
                          "name": "UnityEnvironment._generate_step_input",
                          "total": 11.035009599995368,
                          "count": 130270,
                          "is_parallel": true,
                          "self": 11.035009599995368
                        },
                        {
                          "name": "communicator.exchange",
                          "total": 311.95915549999336,
                          "count": 130270,
                          "is_parallel": true,
                          "self": 311.95915549999336
                        }
                      ]
                    }
                  ]
                }
              ]
            }
          ]
        },
        {
          "name": "update_policy",
          "total": 118.82078290000004,
          "count": 42,
          "self": 71.51065380000374,
          "children": [
            {
              "name": "PPOPolicy.update",
              "total": 47.3101290999963,
              "count": 10976,
              "self": 47.3101290999963
            }
          ]
        }
      ]
    }
  ]
}