{
  "name": "root",
  "gauges": [
    {
      "name": "AnimalBehavior.mean_reward",
      "value": -0.00769230193243577,
      "min": -0.10000000149011612,
      "max": 0.8142858025810075,
      "count": 100
    }
  ],
  "total": 903.9576583,
  "count": 1,
  "self": 53.75330609999958,
  "children": [
    {
      "name": "TrainerController.advance",
      "total": 850.2043522000005,
      "count": 69020,
      "self": 236.14121220001482,
      "children": [
        {
          "name": "env_step",
          "total": 401.7131328999853,
          "count": 69020,
          "self": 88.68991170001033,
          "children": [
            {
              "name": "SubprocessEnvManager._take_step",
              "total": 310.4326152999781,
              "count": 200005,
              "self": 7.741004999988434,
              "children": [
                {
                  "name": "PPOPolicy.evaluate",
                  "total": 302.6916102999897,
                  "count": 200005,
                  "self": 302.6916102999897
                }
              ]
            },
            {
              "name": "workers",
              "total": 2.590605899996852,
              "count": 69020,
              "self": 0.0,
              "children": [
                {
                  "name": "worker_root",
                  "total": 4489.914505300075,
                  "count": 200003,
                  "is_parallel": true,
                  "self": 3871.6438478000737,
                  "children": [
                    {
                      "name": "UnityEnvironment.step",
                      "total": 618.270657500001,
                      "count": 200003,
                      "is_parallel": true,
                      "self": 67.47220700000776,
                      "children": [
                        {
                          "name": "UnityEnvironment._generate_step_input",
                          "total": 19.263521399997725,
                          "count": 200003,
                          "is_parallel": true,
                          "self": 19.263521399997725
                        },
                        {
                          "name": "communicator.exchange",
                          "total": 531.5349290999956,
                          "count": 200003,
                          "is_parallel": true,
                          "self": 531.5349290999956
                        }
                      ]
                    }
                  ]
                }
              ]
            }
          ]
        },
        {
          "name": "update_policy",
          "total": 212.35000710000043,
          "count": 63,
          "self": 99.09953900000154,
          "children": [
            {
              "name": "PPOPolicy.update",
              "total": 113.25046809999888,
              "count": 29344,
              "self": 113.25046809999888
            }
          ]
        }
      ]
    }
  ]
}