{
  "name": "root",
  "gauges": [
    {
      "name": "AnimalBehavior.mean_reward",
      "value": -0.10000000149011612,
      "min": -0.10000000149011612,
      "max": -0.10000000149011612,
      "count": 62
    }
  ],
  "total": 492.4709358,
  "count": 1,
  "self": 33.920640800001706,
  "children": [
    {
      "name": "TrainerController.advance",
      "total": 458.5502949999983,
      "count": 42321,
      "self": 78.16382689999898,
      "children": [
        {
          "name": "env_step",
          "total": 231.77514079999938,
          "count": 42321,
          "self": 49.60949659999787,
          "children": [
            {
              "name": "SubprocessEnvManager._take_step",
              "total": 180.70604660000294,
              "count": 124882,
              "self": 4.448114500015265,
              "children": [
                {
                  "name": "PPOPolicy.evaluate",
                  "total": 176.25793209998767,
                  "count": 124882,
                  "self": 176.25793209998767
                }
              ]
            },
            {
              "name": "workers",
              "total": 1.4595975999985837,
              "count": 42320,
              "self": 0.0,
              "children": [
                {
                  "name": "worker_root",
                  "total": 2438.9490454000443,
                  "count": 124878,
                  "is_parallel": true,
                  "self": 2097.911381800047,
                  "children": [
                    {
                      "name": "UnityEnvironment.step",
                      "total": 341.03766359999736,
                      "count": 124878,
                      "is_parallel": true,
                      "self": 37.72650109999978,
                      "children": [
                        {
                          "name": "UnityEnvironment._generate_step_input",
                          "total": 10.39573819999955,
                          "count": 124878,
                          "is_parallel": true,
                          "self": 10.39573819999955
                        },
                        {
                          "name": "communicator.exchange",
                          "total": 292.91542429999805,
                          "count": 124878,
                          "is_parallel": true,
                          "self": 292.91542429999805
                        }
                      ]
                    }
                  ]
                }
              ]
            }
          ]
        },
        {
          "name": "update_policy",
          "total": 148.61132729999997,
          "count": 20,
          "self": 65.04451479999797,
          "children": [
            {
              "name": "PPOPolicy.update",
              "total": 83.566812500002,
              "count": 20672,
              "self": 83.566812500002
            }
          ]
        }
      ]
    }
  ]
}