{
  "name": "root",
  "gauges": [
    {
      "name": "AnimalBehavior.mean_reward",
      "value": 0.0,
      "min": -0.029411764705882353,
      "max": 0.09142857789993286,
      "count": 109
    }
  ],
  "total": 468.26402889999997,
  "count": 1,
  "self": 51.622105900000236,
  "children": [
    {
      "name": "TrainerController.advance",
      "total": 416.64192299999974,
      "count": 41372,
      "self": 88.20925750000146,
      "children": [
        {
          "name": "env_step",
          "total": 290.2697233999982,
          "count": 41372,
          "self": 62.79561089999768,
          "children": [
            {
              "name": "SubprocessEnvManager._take_step",
              "total": 225.73747509999416,
              "count": 109644,
              "self": 6.360678099996193,
              "children": [
                {
                  "name": "PPOPolicy.evaluate",
                  "total": 219.37679699999796,
                  "count": 109644,
                  "self": 219.37679699999796
                }
              ]
            },
            {
              "name": "workers",
              "total": 1.7366374000063693,
              "count": 41372,
              "self": 0.0,
              "children": [
                {
                  "name": "worker_root",
                  "total": 2308.542958700012,
                  "count": 109641,
                  "is_parallel": true,
                  "self": 1806.7417488000062,
                  "children": [
                    {
                      "name": "UnityEnvironment.step",
                      "total": 501.80120990000586,
                      "count": 109641,
                      "is_parallel": true,
                      "self": 47.569136600012484,
                      "children": [
                        {
                          "name": "UnityEnvironment._generate_step_input",
                          "total": 14.026171799998473,
                          "count": 109641,
                          "is_parallel": true,
                          "self": 14.026171799998473
                        },
                        {
                          "name": "communicator.exchange",
                          "total": 440.2059014999949,
                          "count": 109641,
                          "is_parallel": true,
                          "self": 440.2059014999949
                        }
                      ]
                    }
                  ]
                }
              ]
            }
          ]
        },
        {
          "name": "update_policy",
          "total": 38.162942100000045,
          "count": 9,
          "self": 21.654237900000624,
          "children": [
            {
              "name": "PPOPolicy.update",
              "total": 16.50870419999942,
              "count": 2592,
              "self": 16.50870419999942
            }
          ]
        }
      ]
    }
  ]
}