{
  "name": "root",
  "gauges": [
    {
      "name": "AnimalBehavior.mean_reward",
      "value": -0.07037037141897061,
      "min": -0.09245283156633377,
      "max": 0.410526357983288,
      "count": 100
    }
  ],
  "total": 845.6624770999999,
  "count": 1,
  "self": 64.01191880001352,
  "children": [
    {
      "name": "TrainerController.advance",
      "total": 781.6505582999864,
      "count": 100004,
      "self": 239.97622329996852,
      "children": [
        {
          "name": "env_step",
          "total": 362.85013460001767,
          "count": 100004,
          "self": 83.4282468000136,
          "children": [
            {
              "name": "SubprocessEnvManager._take_step",
              "total": 276.91124719998777,
              "count": 200004,
              "self": 6.833783199978484,
              "children": [
                {
                  "name": "PPOPolicy.evaluate",
                  "total": 270.0774640000093,
                  "count": 200004,
                  "self": 270.0774640000093
                }
              ]
            },
            {
              "name": "workers",
              "total": 2.5106406000163,
              "count": 100004,
              "self": 0.0,
              "children": [
                {
                  "name": "worker_root",
                  "total": 3361.4987965999926,
                  "count": 200002,
                  "is_parallel": true,
                  "self": 2809.2839251999935,
                  "children": [
                    {
                      "name": "UnityEnvironment.step",
                      "total": 552.2148713999991,
                      "count": 200002,
                      "is_parallel": true,
                      "self": 58.861850799989384,
                      "children": [
                        {
                          "name": "UnityEnvironment._generate_step_input",
                          "total": 16.743063600018857,
                          "count": 200002,
                          "is_parallel": true,
                          "self": 16.743063600018857
                        },
                        {
                          "name": "communicator.exchange",
                          "total": 476.60995699999086,
                          "count": 200002,
                          "is_parallel": true,
                          "self": 476.60995699999086
                        }
                      ]
                    }
                  ]
                }
              ]
            }
          ]
        },
        {
          "name": "update_policy",
          "total": 178.82420040000028,
          "count": 210,
          "self": 109.82850760000645,
          "children": [
            {
              "name": "PPOPolicy.update",
              "total": 68.99569279999383,
              "count": 16256,
              "self": 68.99569279999383
            }
          ]
        }
      ]
    }
  ]
}