{
  "name": "root",
  "gauges": [
    {
      "name": "AnimalBehavior.mean_reward",
      "value": -0.21224489975340513,
      "min": -0.305405409996574,
      "max": -0.1674157329154818,
      "count": 111
    }
  ],
  "total": 1379.779001,
  "count": 1,
  "self": 351.7496703000461,
  "children": [
    {
      "name": "TrainerController.advance",
      "total": 1028.029330699954,
      "count": 102504,
      "self": 333.3650961999422,
      "children": [
        {
          "name": "env_step",
          "total": 548.7095994000118,
          "count": 102504,
          "self": 117.84086300001894,
          "children": [
            {
              "name": "SubprocessEnvManager._take_step",
              "total": 427.4547362999881,
              "count": 223690,
              "self": 9.476513599963084,
              "children": [
                {
                  "name": "PPOPolicy.evaluate",
                  "total": 417.978222700025,
                  "count": 223670,
                  "self": 417.978222700025
                }
              ]
            },
            {
              "name": "workers",
              "total": 3.4140001000047926,
              "count": 102504,
              "self": 0.0,
              "children": [
                {
                  "name": "worker_root",
                  "total": 6867.7208456001035,
                  "count": 223687,
                  "is_parallel": true,
                  "self": 4253.519389600098,
                  "children": [
                    {
                      "name": "UnityEnvironment.step",
                      "total": 2614.2014560000057,
                      "count": 223687,
                      "is_parallel": true,
                      "self": 77.76130949997014,
                      "children": [
                        {
                          "name": "UnityEnvironment._generate_step_input",
                          "total": 21.478034099989117,
                          "count": 223687,
                          "is_parallel": true,
                          "self": 21.478034099989117
                        },
                        {
                          "name": "communicator.exchange",
                          "total": 2514.9621124000464,
                          "count": 223687,
                          "is_parallel": true,
                          "self": 2514.9621124000464
                        }
                      ]
                    }
                  ]
                }
              ]
            }
          ]
        },
        {
          "name": "update_policy",
          "total": 145.95463510000008,
          "count": 20,
          "self": 85.47957039999869,
          "children": [
            {
              "name": "PPOPolicy.update",
              "total": 60.47506470000138,
              "count": 13120,
              "self": 60.47506470000138
            }
          ]
        }
      ]
    }
  ]
}