{
  "name": "root",
  "gauges": [
    {
      "name": "AnimalBrain.mean_reward",
      "value": 0.2337931027186328,
      "min": -0.06909091012044387,
      "max": 0.33907284701107354,
      "count": 200
    }
  ],
  "total": 1294.2580232999999,
  "count": 1,
  "self": 79.8124351999968,
  "children": [
    {
      "name": "TrainerController.advance",
      "total": 1214.445588100003,
      "count": 67058,
      "self": 277.7515517999693,
      "children": [
        {
          "name": "env_step",
          "total": 452.13122700003345,
          "count": 67058,
          "self": 100.43254740003397,
          "children": [
            {
              "name": "SubprocessEnvManager._take_step",
              "total": 348.5466220999965,
              "count": 200005,
              "self": 8.889270900015902,
              "children": [
                {
                  "name": "PPOPolicy.evaluate",
                  "total": 339.6573511999806,
                  "count": 200005,
                  "self": 339.6573511999806
                }
              ]
            },
            {
              "name": "workers",
              "total": 3.1520575000029556,
              "count": 67058,
              "self": 0.0,
              "children": [
                {
                  "name": "worker_root",
                  "total": 7730.085664700122,
                  "count": 200002,
                  "is_parallel": true,
                  "self": 6143.195880800109,
                  "children": [
                    {
                      "name": "UnityEnvironment.step",
                      "total": 1586.8897839000133,
                      "count": 200002,
                      "is_parallel": true,
                      "self": 114.67115890002788,
                      "children": [
                        {
                          "name": "UnityEnvironment._generate_step_input",
                          "total": 32.12950949999707,
                          "count": 200002,
                          "is_parallel": true,
                          "self": 32.12950949999707
                        },
                        {
                          "name": "communicator.exchange",
                          "total": 1440.0891154999883,
                          "count": 200002,
                          "is_parallel": true,
                          "self": 1440.0891154999883
                        }
                      ]
                    }
                  ]
                }
              ]
            }
          ]
        },
        {
          "name": "update_policy",
          "total": 484.56280930000037,
          "count": 187,
          "self": 307.24986169997953,
          "children": [
            {
              "name": "PPOPolicy.update",
              "total": 177.31294760002083,
              "count": 49368,
              "self": 177.31294760002083
            }
          ]
        }
      ]
    }
  ]
}