{
  "name": "root",
  "gauges": [
    {
      "name": "AnimalBehavior.mean_reward",
      "value": -0.39119884149002576,
      "min": -0.49766564753882503,
      "max": -0.2913502313526748,
      "count": 204
    }
  ],
  "total": 1985.3010341000002,
  "count": 1,
  "self": 40.922849199998836,
  "children": [
    {
      "name": "TrainerController.advance",
      "total": 1944.3781849000013,
      "count": 15002,
      "self": 352.0956459000017,
      "children": [
        {
          "name": "env_step",
          "total": 520.3113704999998,
          "count": 15002,
          "self": 97.54121059997863,
          "children": [
            {
              "name": "SubprocessEnvManager._take_step",
              "total": 420.082439400017,
              "count": 204783,
              "self": 9.028336200023261,
              "children": [
                {
                  "name": "PPOPolicy.evaluate",
                  "total": 411.05410319999373,
                  "count": 204383,
                  "self": 411.05410319999373
                }
              ]
            },
            {
              "name": "workers",
              "total": 2.687720500004229,
              "count": 15002,
              "self": 0.0,
              "children": [
                {
                  "name": "worker_root",
                  "total": 39394.80901140004,
                  "count": 204771,
                  "is_parallel": true,
                  "self": 36038.002020900094,
                  "children": [
                    {
                      "name": "UnityEnvironment.step",
                      "total": 3356.8069904999456,
                      "count": 204771,
                      "is_parallel": true,
                      "self": 203.11523770003214,
                      "children": [
                        {
                          "name": "UnityEnvironment._generate_step_input",
                          "total": 54.17105479995607,
                          "count": 204771,
                          "is_parallel": true,
                          "self": 54.17105479995607
                        },
                        {
                          "name": "communicator.exchange",
                          "total": 3099.5206979999575,
                          "count": 204771,
                          "is_parallel": true,
                          "self": 3099.5206979999575
                        }
                      ]
                    }
                  ]
                }
              ]
            }
          ]
        },
        {
          "name": "update_policy",
          "total": 1071.9711684999997,
          "count": 143,
          "self": 723.2993852999928,
          "children": [
            {
              "name": "PPOPolicy.update",
              "total": 348.671783200007,
              "count": 54912,
              "self": 348.671783200007
            }
          ]
        }
      ]
    }
  ]
}