{
  "name": "root",
  "gauges": [
    {
      "name": "AnimalBehavior.mean_reward",
      "value": -0.45688312133024267,
      "min": -0.5,
      "max": -0.36147209423296345,
      "count": 300
    }
  ],
  "total": 2810.7204865,
  "count": 1,
  "self": 47.01506769997559,
  "children": [
    {
      "name": "TrainerController.advance",
      "total": 2763.7054188000243,
      "count": 19587,
      "self": 453.19627660000424,
      "children": [
        {
          "name": "env_step",
          "total": 728.4409710000191,
          "count": 19587,
          "self": 139.33780859997376,
          "children": [
            {
              "name": "SubprocessEnvManager._take_step",
              "total": 585.3064121000439,
              "count": 300289,
              "self": 13.272466800097504,
              "children": [
                {
                  "name": "PPOPolicy.evaluate",
                  "total": 572.0339452999464,
                  "count": 299889,
                  "self": 572.0339452999464
                }
              ]
            },
            {
              "name": "workers",
              "total": 3.7967503000014275,
              "count": 19587,
              "self": 0.0,
              "children": [
                {
                  "name": "worker_root",
                  "total": 55918.322760599054,
                  "count": 300284,
                  "is_parallel": true,
                  "self": 52324.87120819905,
                  "children": [
                    {
                      "name": "UnityEnvironment.step",
                      "total": 3593.4515523999985,
                      "count": 300284,
                      "is_parallel": true,
                      "self": 289.5200428000476,
                      "children": [
                        {
                          "name": "UnityEnvironment._generate_step_input",
                          "total": 76.92757079997389,
                          "count": 300284,
                          "is_parallel": true,
                          "self": 76.92757079997389
                        },
                        {
                          "name": "communicator.exchange",
                          "total": 3227.003938799977,
                          "count": 300284,
                          "is_parallel": true,
                          "self": 3227.003938799977
                        }
                      ]
                    }
                  ]
                }
              ]
            }
          ]
        },
        {
          "name": "update_policy",
          "total": 1582.068171200001,
          "count": 316,
          "self": 1074.788259599947,
          "children": [
            {
              "name": "PPOPolicy.update",
              "total": 507.279911600054,
              "count": 80936,
              "self": 507.279911600054
            }
          ]
        }
      ]
    }
  ]
}