{
  "name": "root",
  "gauges": [
    {
      "name": "AnimalBrain.mean_reward",
      "value": -0.03854166739620268,
      "min": -0.03854166739620268,
      "max": 0.039473684210526314,
      "count": 10
    }
  ],
  "total": 105.7961809,
  "count": 1,
  "self": 26.150054700000084,
  "children": [
    {
      "name": "TrainerController.advance",
      "total": 79.64612619999991,
      "count": 7374,
      "self": 15.952240799999828,
      "children": [
        {
          "name": "env_step",
          "total": 29.353411600000094,
          "count": 7374,
          "self": 10.103657900000023,
          "children": [
            {
              "name": "SubprocessEnvManager._take_step",
              "total": 19.084064999999867,
              "count": 10623,
              "self": 0.43867120000050264,
              "children": [
                {
                  "name": "PPOPolicy.evaluate",
                  "total": 18.645393799999365,
                  "count": 10623,
                  "self": 18.645393799999365
                }
              ]
            },
            {
              "name": "workers",
              "total": 0.16568870000020208,
              "count": 7374,
              "self": 0.0,
              "children": [
                {
                  "name": "worker_root",
                  "total": 294.36393889999937,
                  "count": 10621,
                  "is_parallel": true,
                  "self": 204.79531189999938,
                  "children": [
                    {
                      "name": "UnityEnvironment.step",
                      "total": 89.56862699999999,
                      "count": 10621,
                      "is_parallel": true,
                      "self": 5.815329499999649,
                      "children": [
                        {
                          "name": "UnityEnvironment._generate_step_input",
                          "total": 1.612334900000365,
                          "count": 10621,
                          "is_parallel": true,
                          "self": 1.612334900000365
                        },
                        {
                          "name": "communicator.exchange",
                          "total": 82.14096259999998,
                          "count": 10621,
                          "is_parallel": true,
                          "self": 82.14096259999998
                        }
                      ]
                    }
                  ]
                }
              ]
            }
          ]
        },
        {
          "name": "update_policy",
          "total": 34.34047379999999,
          "count": 10,
          "self": 16.89878560000007,
          "children": [
            {
              "name": "PPOPolicy.update",
              "total": 17.44168819999992,
              "count": 5144,
              "self": 17.44168819999992
            }
          ]
        }
      ]
    }
  ]
}