{
  "name": "root",
  "gauges": [
    {
      "name": "AnimalBehavior.mean_reward",
      "value": -0.48606361963121486,
      "min": -0.5,
      "max": -0.42107143677357173,
      "count": 184
    }
  ],
  "total": 1854.5978476,
  "count": 1,
  "self": 44.46645700001045,
  "children": [
    {
      "name": "TrainerController.advance",
      "total": 1810.1313905999896,
      "count": 36999,
      "self": 494.06850960000384,
      "children": [
        {
          "name": "env_step",
          "total": 403.9813586999852,
          "count": 36999,
          "self": 84.24290709995154,
          "children": [
            {
              "name": "SubprocessEnvManager._take_step",
              "total": 317.26324840001416,
              "count": 184679,
              "self": 7.6687997000348105,
              "children": [
                {
                  "name": "PPOPolicy.evaluate",
                  "total": 309.59444869997935,
                  "count": 184479,
                  "self": 309.59444869997935
                }
              ]
            },
            {
              "name": "workers",
              "total": 2.4752032000195143,
              "count": 36999,
              "self": 0.0,
              "children": [
                {
                  "name": "worker_root",
                  "total": 18402.624611399737,
                  "count": 184675,
                  "is_parallel": true,
                  "self": 15622.916713099781,
                  "children": [
                    {
                      "name": "UnityEnvironment.step",
                      "total": 2779.707898299956,
                      "count": 184675,
                      "is_parallel": true,
                      "self": 174.68561569995472,
                      "children": [
                        {
                          "name": "UnityEnvironment._generate_step_input",
                          "total": 46.662276900023585,
                          "count": 184675,
                          "is_parallel": true,
                          "self": 46.662276900023585
                        },
                        {
                          "name": "communicator.exchange",
                          "total": 2558.3600056999776,
                          "count": 184675,
                          "is_parallel": true,
                          "self": 2558.3600056999776
                        }
                      ]
                    }
                  ]
                }
              ]
            }
          ]
        },
        {
          "name": "update_policy",
          "total": 912.0815223000006,
          "count": 124,
          "self": 614.3977222999886,
          "children": [
            {
              "name": "PPOPolicy.update",
              "total": 297.68380000001207,
              "count": 47520,
              "self": 297.68380000001207
            }
          ]
        }
      ]
    }
  ]
}