{
  "name": "root",
  "total": 83.88314629999999,
  "count": 1,
  "self": 83.88314629999999
}