{
  "name": "root",
  "gauges": [
    {
      "name": "AnimalBrain.mean_reward",
      "value": 0.2736842105263158,
      "min": -0.05656565740855053,
      "max": 0.3425742573667281,
      "count": 200
    }
  ],
  "total": 1370.9206282,
  "count": 1,
  "self": 82.91487389998565,
  "children": [
    {
      "name": "TrainerController.advance",
      "total": 1288.0057543000144,
      "count": 67192,
      "self": 274.8540772000084,
      "children": [
        {
          "name": "env_step",
          "total": 435.5722829000075,
          "count": 67192,
          "self": 96.26611310004375,
          "children": [
            {
              "name": "SubprocessEnvManager._take_step",
              "total": 336.31627099997667,
              "count": 200006,
              "self": 8.071691999969005,
              "children": [
                {
                  "name": "PPOPolicy.evaluate",
                  "total": 328.24457900000766,
                  "count": 200006,
                  "self": 328.24457900000766
                }
              ]
            },
            {
              "name": "workers",
              "total": 2.9898987999870883,
              "count": 67192,
              "self": 0.0,
              "children": [
                {
                  "name": "worker_root",
                  "total": 8191.710184699874,
                  "count": 200003,
                  "is_parallel": true,
                  "self": 6540.148009699889,
                  "children": [
                    {
                      "name": "UnityEnvironment.step",
                      "total": 1651.5621749999848,
                      "count": 200003,
                      "is_parallel": true,
                      "self": 115.81182969999759,
                      "children": [
                        {
                          "name": "UnityEnvironment._generate_step_input",
                          "total": 31.66758599997037,
                          "count": 200003,
                          "is_parallel": true,
                          "self": 31.66758599997037
                        },
                        {
                          "name": "communicator.exchange",
                          "total": 1504.0827593000167,
                          "count": 200003,
                          "is_parallel": true,
                          "self": 1504.0827593000167
                        }
                      ]
                    }
                  ]
                }
              ]
            }
          ]
        },
        {
          "name": "update_policy",
          "total": 577.5793941999984,
          "count": 189,
          "self": 298.56005520000855,
          "children": [
            {
              "name": "PPOPolicy.update",
              "total": 279.0193389999899,
              "count": 96888,
              "self": 279.0193389999899
            }
          ]
        }
      ]
    }
  ]
}