{
  "name": "root",
  "gauges": [
    {
      "name": "AnimalBehavior.mean_reward",
      "value": -0.07500000111758709,
      "min": -0.10000000149011612,
      "max": 0.1315789685437554,
      "count": 100
    }
  ],
  "total": 774.9474573,
  "count": 1,
  "self": 48.96264119998136,
  "children": [
    {
      "name": "TrainerController.advance",
      "total": 725.9848161000186,
      "count": 67863,
      "self": 116.47483420001322,
      "children": [
        {
          "name": "env_step",
          "total": 367.5065254000056,
          "count": 67863,
          "self": 78.91139870001223,
          "children": [
            {
              "name": "SubprocessEnvManager._take_step",
              "total": 286.3134041999929,
              "count": 200005,
              "self": 7.170221700016725,
              "children": [
                {
                  "name": "PPOPolicy.evaluate",
                  "total": 279.14318249997615,
                  "count": 200005,
                  "self": 279.14318249997615
                }
              ]
            },
            {
              "name": "workers",
              "total": 2.281722500000538,
              "count": 67863,
              "self": 0.0,
              "children": [
                {
                  "name": "worker_root",
                  "total": 3847.610822699952,
                  "count": 200002,
                  "is_parallel": true,
                  "self": 3301.9492582999283,
                  "children": [
                    {
                      "name": "UnityEnvironment.step",
                      "total": 545.6615644000242,
                      "count": 200002,
                      "is_parallel": true,
                      "self": 59.066545300060966,
                      "children": [
                        {
                          "name": "UnityEnvironment._generate_step_input",
                          "total": 16.403829899972976,
                          "count": 200002,
                          "is_parallel": true,
                          "self": 16.403829899972976
                        },
                        {
                          "name": "communicator.exchange",
                          "total": 470.1911891999902,
                          "count": 200002,
                          "is_parallel": true,
                          "self": 470.1911891999902
                        }
                      ]
                    }
                  ]
                }
              ]
            }
          ]
        },
        {
          "name": "update_policy",
          "total": 242.0034564999998,
          "count": 32,
          "self": 107.6682632999931,
          "children": [
            {
              "name": "PPOPolicy.update",
              "total": 134.3351932000067,
              "count": 33384,
              "self": 134.3351932000067
            }
          ]
        }
      ]
    }
  ]
}