{
  "name": "root",
  "gauges": [
    {
      "name": "AnimalBrain.mean_reward",
      "value": 0.019672131074256586,
      "min": -0.049828179436655795,
      "max": 0.14301886780644363,
      "count": 50
    }
  ],
  "total": 1076.9962440000002,
  "count": 1,
  "self": 44.202229899999566,
  "children": [
    {
      "name": "TrainerController.advance",
      "total": 1032.7940141000006,
      "count": 43173,
      "self": 180.6827486999871,
      "children": [
        {
          "name": "env_step",
          "total": 336.52096630001336,
          "count": 43173,
          "self": 71.09338150002645,
          "children": [
            {
              "name": "SubprocessEnvManager._take_step",
              "total": 263.1805408999827,
              "count": 151080,
              "self": 6.139181200006078,
              "children": [
                {
                  "name": "PPOPolicy.evaluate",
                  "total": 257.0413596999766,
                  "count": 151080,
                  "self": 257.0413596999766
                }
              ]
            },
            {
              "name": "workers",
              "total": 2.2470439000042077,
              "count": 43173,
              "self": 0.0,
              "children": [
                {
                  "name": "worker_root",
                  "total": 7492.437377300009,
                  "count": 151076,
                  "is_parallel": true,
                  "self": 6321.896168099989,
                  "children": [
                    {
                      "name": "UnityEnvironment.step",
                      "total": 1170.54120920002,
                      "count": 151076,
                      "is_parallel": true,
                      "self": 83.96861349998858,
                      "children": [
                        {
                          "name": "UnityEnvironment._generate_step_input",
                          "total": 23.452320400020795,
                          "count": 151076,
                          "is_parallel": true,
                          "self": 23.452320400020795
                        },
                        {
                          "name": "communicator.exchange",
                          "total": 1063.1202753000105,
                          "count": 151076,
                          "is_parallel": true,
                          "self": 1063.1202753000105
                        }
                      ]
                    }
                  ]
                }
              ]
            }
          ]
        },
        {
          "name": "update_policy",
          "total": 515.5902991000002,
          "count": 143,
          "self": 251.76236209999223,
          "children": [
            {
              "name": "PPOPolicy.update",
              "total": 263.8279370000079,
              "count": 82137,
              "self": 263.8279370000079
            }
          ]
        }
      ]
    }
  ]
}