{
  "name": "root",
  "gauges": [
    {
      "name": "AnimalBehavior.mean_reward",
      "value": -0.10000000149011612,
      "min": -0.10000000149011612,
      "max": 0.11632654268522652,
      "count": 93
    }
  ],
  "total": 732.6215510000001,
  "count": 1,
  "self": 63.351846500012016,
  "children": [
    {
      "name": "TrainerController.advance",
      "total": 669.269704499988,
      "count": 93180,
      "self": 130.7830118999808,
      "children": [
        {
          "name": "env_step",
          "total": 333.2177628000069,
          "count": 93180,
          "self": 76.35547959999889,
          "children": [
            {
              "name": "SubprocessEnvManager._take_step",
              "total": 254.5592502999972,
              "count": 186503,
              "self": 6.6067791999972485,
              "children": [
                {
                  "name": "PPOPolicy.evaluate",
                  "total": 247.95247109999994,
                  "count": 186503,
                  "self": 247.95247109999994
                }
              ]
            },
            {
              "name": "workers",
              "total": 2.303032900010793,
              "count": 93179,
              "self": 0.0,
              "children": [
                {
                  "name": "worker_root",
                  "total": 2910.2118805000223,
                  "count": 186499,
                  "is_parallel": true,
                  "self": 2416.942173900032,
                  "children": [
                    {
                      "name": "UnityEnvironment.step",
                      "total": 493.26970659999046,
                      "count": 186499,
                      "is_parallel": true,
                      "self": 53.40838449997551,
                      "children": [
                        {
                          "name": "UnityEnvironment._generate_step_input",
                          "total": 14.91955890000615,
                          "count": 186499,
                          "is_parallel": true,
                          "self": 14.91955890000615
                        },
                        {
                          "name": "communicator.exchange",
                          "total": 424.9417632000088,
                          "count": 186499,
                          "is_parallel": true,
                          "self": 424.9417632000088
                        }
                      ]
                    }
                  ]
                }
              ]
            }
          ]
        },
        {
          "name": "update_policy",
          "total": 205.2689298000003,
          "count": 30,
          "self": 98.40875390000313,
          "children": [
            {
              "name": "PPOPolicy.update",
              "total": 106.86017589999717,
              "count": 30904,
              "self": 106.86017589999717
            }
          ]
        }
      ]
    }
  ]
}