{
  "name": "root",
  "gauges": [
    {
      "name": "AnimalBehavior.mean_reward",
      "value": -0.027397258640968637,
      "min": -0.30666668301536926,
      "max": 0.11470590093556572,
      "count": 150
    }
  ],
  "total": 2118.5272367,
  "count": 1,
  "self": 697.6174162999853,
  "children": [
    {
      "name": "TrainerController.advance",
      "total": 1420.9098204000145,
      "count": 173985,
      "self": 481.18796229998316,
      "children": [
        {
          "name": "env_step",
          "total": 832.4242990000315,
          "count": 173985,
          "self": 232.56600990006825,
          "children": [
            {
              "name": "SubprocessEnvManager._take_step",
              "total": 595.1882192999851,
              "count": 300015,
              "self": 13.830502000069828,
              "children": [
                {
                  "name": "PPOPolicy.evaluate",
                  "total": 581.3577172999153,
                  "count": 299999,
                  "self": 581.3577172999153
                }
              ]
            },
            {
              "name": "workers",
              "total": 4.670069799978105,
              "count": 173985,
              "self": 0.0,
              "children": [
                {
                  "name": "worker_root",
                  "total": 8444.177493899904,
                  "count": 300014,
                  "is_parallel": true,
                  "self": 4788.593166799877,
                  "children": [
                    {
                      "name": "UnityEnvironment.step",
                      "total": 3655.5843271000276,
                      "count": 300014,
                      "is_parallel": true,
                      "self": 106.46612330004336,
                      "children": [
                        {
                          "name": "UnityEnvironment._generate_step_input",
                          "total": 29.69283750000387,
                          "count": 300014,
                          "is_parallel": true,
                          "self": 29.69283750000387
                        },
                        {
                          "name": "communicator.exchange",
                          "total": 3519.4253662999804,
                          "count": 300014,
                          "is_parallel": true,
                          "self": 3519.4253662999804
                        }
                      ]
                    }
                  ]
                }
              ]
            }
          ]
        },
        {
          "name": "update_policy",
          "total": 107.29755909999989,
          "count": 35,
          "self": 62.442245700004946,
          "children": [
            {
              "name": "PPOPolicy.update",
              "total": 44.85531339999494,
              "count": 9240,
              "self": 44.85531339999494
            }
          ]
        }
      ]
    }
  ]
}