{
  "name": "root",
  "gauges": [
    {
      "name": "AnimalBrain.mean_reward",
      "value": 0.023749999795109035,
      "min": -0.012658228036723559,
      "max": 0.10333333321743542,
      "count": 50
    }
  ],
  "total": 310.2322909,
  "count": 1,
  "self": 26.512309099999243,
  "children": [
    {
      "name": "TrainerController.advance",
      "total": 283.71998180000077,
      "count": 16812,
      "self": 64.7518641000035,
      "children": [
        {
          "name": "env_step",
          "total": 110.04259169999727,
          "count": 16812,
          "self": 24.229063899993008,
          "children": [
            {
              "name": "SubprocessEnvManager._take_step",
              "total": 85.05301350000312,
              "count": 50004,
              "self": 2.0717782000041325,
              "children": [
                {
                  "name": "PPOPolicy.evaluate",
                  "total": 82.98123529999899,
                  "count": 50004,
                  "self": 82.98123529999899
                }
              ]
            },
            {
              "name": "workers",
              "total": 0.7605143000011445,
              "count": 16812,
              "self": 0.0,
              "children": [
                {
                  "name": "worker_root",
                  "total": 1835.064145299993,
                  "count": 50001,
                  "is_parallel": true,
                  "self": 1433.495799999996,
                  "children": [
                    {
                      "name": "UnityEnvironment.step",
                      "total": 401.56834529999696,
                      "count": 50001,
                      "is_parallel": true,
                      "self": 27.902991599999154,
                      "children": [
                        {
                          "name": "UnityEnvironment._generate_step_input",
                          "total": 7.774090500000843,
                          "count": 50001,
                          "is_parallel": true,
                          "self": 7.774090500000843
                        },
                        {
                          "name": "communicator.exchange",
                          "total": 365.89126319999696,
                          "count": 50001,
                          "is_parallel": true,
                          "self": 365.89126319999696
                        }
                      ]
                    }
                  ]
                }
              ]
            }
          ]
        },
        {
          "name": "update_policy",
          "total": 108.92552599999999,
          "count": 15,
          "self": 72.12837699999807,
          "children": [
            {
              "name": "PPOPolicy.update",
              "total": 36.79714900000193,
              "count": 12072,
              "self": 36.79714900000193
            }
          ]
        }
      ]
    }
  ]
}