{
  "name": "root",
  "gauges": [
    {
      "name": "AnimalBehavior.mean_reward",
      "value": -0.06727272529493679,
      "min": -0.10000000149011612,
      "max": 0.011864413775629917,
      "count": 93
    }
  ],
  "total": 659.0204317,
  "count": 1,
  "self": 45.82214819999592,
  "children": [
    {
      "name": "TrainerController.advance",
      "total": 613.1982835000041,
      "count": 63442,
      "self": 113.33814179999615,
      "children": [
        {
          "name": "env_step",
          "total": 340.7810641000079,
          "count": 63442,
          "self": 72.1301958000198,
          "children": [
            {
              "name": "SubprocessEnvManager._take_step",
              "total": 266.4970830999899,
              "count": 187525,
              "self": 6.3746375999930365,
              "children": [
                {
                  "name": "PPOPolicy.evaluate",
                  "total": 260.12244549999684,
                  "count": 187525,
                  "self": 260.12244549999684
                }
              ]
            },
            {
              "name": "workers",
              "total": 2.1537851999982243,
              "count": 63442,
              "self": 0.0,
              "children": [
                {
                  "name": "worker_root",
                  "total": 3242.7191971000993,
                  "count": 187523,
                  "is_parallel": true,
                  "self": 2743.735878900099,
                  "children": [
                    {
                      "name": "UnityEnvironment.step",
                      "total": 498.9833182000001,
                      "count": 187523,
                      "is_parallel": true,
                      "self": 54.599299400017856,
                      "children": [
                        {
                          "name": "UnityEnvironment._generate_step_input",
                          "total": 15.296027600001159,
                          "count": 187523,
                          "is_parallel": true,
                          "self": 15.296027600001159
                        },
                        {
                          "name": "communicator.exchange",
                          "total": 429.0879911999811,
                          "count": 187523,
                          "is_parallel": true,
                          "self": 429.0879911999811
                        }
                      ]
                    }
                  ]
                }
              ]
            }
          ]
        },
        {
          "name": "update_policy",
          "total": 159.07907760000003,
          "count": 21,
          "self": 100.79708420000253,
          "children": [
            {
              "name": "PPOPolicy.update",
              "total": 58.28199339999751,
              "count": 3880,
              "self": 58.28199339999751
            }
          ]
        }
      ]
    }
  ]
}