{
  "name": "root",
  "gauges": [
    {
      "name": "AnimalBehavior.mean_reward",
      "value": -0.0921568641183423,
      "min": -0.09411764846128576,
      "max": 0.0,
      "count": 84
    }
  ],
  "total": 775.1528476,
  "count": 1,
  "self": 56.9889718000004,
  "children": [
    {
      "name": "TrainerController.advance",
      "total": 718.1638757999996,
      "count": 84411,
      "self": 210.35505710001087,
      "children": [
        {
          "name": "env_step",
          "total": 312.6000543999886,
          "count": 84411,
          "self": 71.79866199999779,
          "children": [
            {
              "name": "SubprocessEnvManager._take_step",
              "total": 238.59484249999156,
              "count": 168826,
              "self": 5.908223199995859,
              "children": [
                {
                  "name": "PPOPolicy.evaluate",
                  "total": 232.6866192999957,
                  "count": 168826,
                  "self": 232.6866192999957
                }
              ]
            },
            {
              "name": "workers",
              "total": 2.2065498999992483,
              "count": 84411,
              "self": 0.0,
              "children": [
                {
                  "name": "worker_root",
                  "total": 3080.046229700089,
                  "count": 168824,
                  "is_parallel": true,
                  "self": 2604.814631700101,
                  "children": [
                    {
                      "name": "UnityEnvironment.step",
                      "total": 475.23159799998786,
                      "count": 168824,
                      "is_parallel": true,
                      "self": 51.04921690000185,
                      "children": [
                        {
                          "name": "UnityEnvironment._generate_step_input",
                          "total": 14.534511599982489,
                          "count": 168824,
                          "is_parallel": true,
                          "self": 14.534511599982489
                        },
                        {
                          "name": "communicator.exchange",
                          "total": 409.64786950000354,
                          "count": 168824,
                          "is_parallel": true,
                          "self": 409.64786950000354
                        }
                      ]
                    }
                  ]
                }
              ]
            }
          ]
        },
        {
          "name": "update_policy",
          "total": 195.20876430000007,
          "count": 104,
          "self": 91.8395782000049,
          "children": [
            {
              "name": "PPOPolicy.update",
              "total": 103.36918609999518,
              "count": 28560,
              "self": 103.36918609999518
            }
          ]
        }
      ]
    }
  ]
}