{
  "name": "root",
  "gauges": [
    {
      "name": "AnimalBehavior.mean_reward",
      "value": -0.09056603908538818,
      "min": -0.09814814961066952,
      "max": 0.6584616148701081,
      "count": 41
    }
  ],
  "total": 388.6777717,
  "count": 1,
  "self": 26.59617680000298,
  "children": [
    {
      "name": "TrainerController.advance",
      "total": 362.081594899997,
      "count": 28285,
      "self": 97.04091739999899,
      "children": [
        {
          "name": "env_step",
          "total": 164.49519629999787,
          "count": 28285,
          "self": 36.68303429999982,
          "children": [
            {
              "name": "SubprocessEnvManager._take_step",
              "total": 126.76750989999954,
              "count": 82469,
              "self": 3.2150000999992585,
              "children": [
                {
                  "name": "PPOPolicy.evaluate",
                  "total": 123.55250980000028,
                  "count": 82469,
                  "self": 123.55250980000028
                }
              ]
            },
            {
              "name": "workers",
              "total": 1.044652099998519,
              "count": 28284,
              "self": 0.0,
              "children": [
                {
                  "name": "worker_root",
                  "total": 1920.1897524000087,
                  "count": 82464,
                  "is_parallel": true,
                  "self": 1671.1373422000056,
                  "children": [
                    {
                      "name": "UnityEnvironment.step",
                      "total": 249.05241020000312,
                      "count": 82464,
                      "is_parallel": true,
                      "self": 27.182922800006992,
                      "children": [
                        {
                          "name": "UnityEnvironment._generate_step_input",
                          "total": 7.738882100002528,
                          "count": 82464,
                          "is_parallel": true,
                          "self": 7.738882100002528
                        },
                        {
                          "name": "communicator.exchange",
                          "total": 214.1306052999936,
                          "count": 82464,
                          "is_parallel": true,
                          "self": 214.1306052999936
                        }
                      ]
                    }
                  ]
                }
              ]
            }
          ]
        },
        {
          "name": "update_policy",
          "total": 100.54548120000014,
          "count": 26,
          "self": 46.59225400000027,
          "children": [
            {
              "name": "PPOPolicy.update",
              "total": 53.95322719999987,
              "count": 13784,
              "self": 53.95322719999987
            }
          ]
        }
      ]
    }
  ]
}