{
  "name": "root",
  "gauges": [
    {
      "name": "My Behavior.mean_reward",
      "value": 0.0,
      "min": 0.0,
      "max": 0.04984894259818731,
      "count": 3
    }
  ],
  "total": 61.660804000000006,
  "count": 1,
  "self": 12.282975599999965,
  "children": [
    {
      "name": "TrainerController.advance",
      "total": 49.37782840000004,
      "count": 1661,
      "self": 9.325765199999942,
      "children": [
        {
          "name": "env_step",
          "total": 17.268095600000102,
          "count": 1661,
          "self": 4.557225399999913,
          "children": [
            {
              "name": "SubprocessEnvManager._take_step",
              "total": 12.575397500000285,
              "count": 6721,
              "self": 0.30382650000054845,
              "children": [
                {
                  "name": "PPOPolicy.evaluate",
                  "total": 12.271570999999737,
                  "count": 6721,
                  "self": 12.271570999999737
                }
              ]
            },
            {
              "name": "workers",
              "total": 0.1354726999999034,
              "count": 1661,
              "self": 0.0,
              "children": [
                {
                  "name": "worker_root",
                  "total": 451.62183049999885,
                  "count": 6717,
                  "is_parallel": true,
                  "self": 388.48730619999884,
                  "children": [
                    {
                      "name": "UnityEnvironment.step",
                      "total": 63.13452430000001,
                      "count": 6717,
                      "is_parallel": true,
                      "self": 10.466239499999972,
                      "children": [
                        {
                          "name": "UnityEnvironment._generate_step_input",
                          "total": 1.3227273999999314,
                          "count": 6717,
                          "is_parallel": true,
                          "self": 1.3227273999999314
                        },
                        {
                          "name": "communicator.exchange",
                          "total": 51.345557400000104,
                          "count": 6717,
                          "is_parallel": true,
                          "self": 51.345557400000104
                        }
                      ]
                    }
                  ]
                }
              ]
            }
          ]
        },
        {
          "name": "update_policy",
          "total": 22.783967599999997,
          "count": 6,
          "self": 10.838531999999958,
          "children": [
            {
              "name": "PPOPolicy.update",
              "total": 11.945435600000039,
              "count": 3546,
              "self": 11.945435600000039
            }
          ]
        }
      ]
    }
  ]
}