{
  "name": "root",
  "gauges": [
    {
      "name": "AnimalBehavior.mean_reward",
      "value": -0.027272728356448086,
      "min": -0.41320757244555456,
      "max": 0.31224492952531696,
      "count": 150
    }
  ],
  "total": 1551.2098497999998,
  "count": 1,
  "self": 298.2037748000066,
  "children": [
    {
      "name": "TrainerController.advance",
      "total": 1253.0060749999932,
      "count": 154775,
      "self": 461.3997990999453,
      "children": [
        {
          "name": "env_step",
          "total": 667.6126318000481,
          "count": 154775,
          "self": 151.20357940008535,
          "children": [
            {
              "name": "SubprocessEnvManager._take_step",
              "total": 511.49266079996323,
              "count": 300013,
              "self": 12.312136199912914,
              "children": [
                {
                  "name": "PPOPolicy.evaluate",
                  "total": 499.1805246000503,
                  "count": 299997,
                  "self": 499.1805246000503
                }
              ]
            },
            {
              "name": "workers",
              "total": 4.9163915999995265,
              "count": 154775,
              "self": 0.0,
              "children": [
                {
                  "name": "worker_root",
                  "total": 6176.54890830001,
                  "count": 300011,
                  "is_parallel": true,
                  "self": 4006.875511800021,
                  "children": [
                    {
                      "name": "UnityEnvironment.step",
                      "total": 2169.6733964999894,
                      "count": 300011,
                      "is_parallel": true,
                      "self": 98.24547099990832,
                      "children": [
                        {
                          "name": "UnityEnvironment._generate_step_input",
                          "total": 27.358638000050156,
                          "count": 300011,
                          "is_parallel": true,
                          "self": 27.358638000050156
                        },
                        {
                          "name": "communicator.exchange",
                          "total": 2044.069287500031,
                          "count": 300011,
                          "is_parallel": true,
                          "self": 2044.069287500031
                        }
                      ]
                    }
                  ]
                }
              ]
            }
          ]
        },
        {
          "name": "update_policy",
          "total": 123.99364409999973,
          "count": 35,
          "self": 72.87803930000086,
          "children": [
            {
              "name": "PPOPolicy.update",
              "total": 51.11560479999886,
              "count": 11550,
              "self": 51.11560479999886
            }
          ]
        }
      ]
    }
  ]
}