{
  "name": "root",
  "gauges": [
    {
      "name": "AnimalBehavior.mean_reward",
      "value": -0.28514707682873397,
      "min": -0.5,
      "max": -0.14818184689937772,
      "count": 300
    }
  ],
  "total": 2857.0602595,
  "count": 1,
  "self": 46.743301899999096,
  "children": [
    {
      "name": "TrainerController.advance",
      "total": 2810.316957600001,
      "count": 19399,
      "self": 472.17437540003357,
      "children": [
        {
          "name": "env_step",
          "total": 811.2799616999669,
          "count": 19399,
          "self": 154.27950049989693,
          "children": [
            {
              "name": "SubprocessEnvManager._take_step",
              "total": 652.8720614000588,
              "count": 300274,
              "self": 14.772324599976173,
              "children": [
                {
                  "name": "PPOPolicy.evaluate",
                  "total": 638.0997368000826,
                  "count": 299874,
                  "self": 638.0997368000826
                }
              ]
            },
            {
              "name": "workers",
              "total": 4.12839980001111,
              "count": 19399,
              "self": 0.0,
              "children": [
                {
                  "name": "worker_root",
                  "total": 56861.70466769957,
                  "count": 300270,
                  "is_parallel": true,
                  "self": 52918.2087496995,
                  "children": [
                    {
                      "name": "UnityEnvironment.step",
                      "total": 3943.4959180000633,
                      "count": 300270,
                      "is_parallel": true,
                      "self": 306.4892200000645,
                      "children": [
                        {
                          "name": "UnityEnvironment._generate_step_input",
                          "total": 82.16028030000469,
                          "count": 300270,
                          "is_parallel": true,
                          "self": 82.16028030000469
                        },
                        {
                          "name": "communicator.exchange",
                          "total": 3554.846417699994,
                          "count": 300270,
                          "is_parallel": true,
                          "self": 3554.846417699994
                        }
                      ]
                    }
                  ]
                }
              ]
            }
          ]
        },
        {
          "name": "update_policy",
          "total": 1526.8626205000005,
          "count": 318,
          "self": 1031.0005156999973,
          "children": [
            {
              "name": "PPOPolicy.update",
              "total": 495.8621048000033,
              "count": 71344,
              "self": 495.8621048000033
            }
          ]
        }
      ]
    }
  ]
}