{
  "name": "root",
  "gauges": [
    {
      "name": "AnimalBehavior.mean_reward",
      "value": 0.0,
      "min": -0.015151515377290321,
      "max": 0.16296297311782837,
      "count": 188
    }
  ],
  "total": 528.9473287,
  "count": 1,
  "self": 48.45729749999896,
  "children": [
    {
      "name": "TrainerController.advance",
      "total": 480.490031200001,
      "count": 64338,
      "self": 91.20246339999301,
      "children": [
        {
          "name": "env_step",
          "total": 342.070891700008,
          "count": 64338,
          "self": 79.8638707000099,
          "children": [
            {
              "name": "SubprocessEnvManager._take_step",
              "total": 260.07477699999663,
              "count": 188566,
              "self": 7.254228399989017,
              "children": [
                {
                  "name": "PPOPolicy.evaluate",
                  "total": 252.8205486000076,
                  "count": 188566,
                  "self": 252.8205486000076
                }
              ]
            },
            {
              "name": "workers",
              "total": 2.1322440000014833,
              "count": 64337,
              "self": 0.0,
              "children": [
                {
                  "name": "worker_root",
                  "total": 2618.9226729999846,
                  "count": 188561,
                  "is_parallel": true,
                  "self": 2068.4561916999824,
                  "children": [
                    {
                      "name": "UnityEnvironment.step",
                      "total": 550.4664813000023,
                      "count": 188561,
                      "is_parallel": true,
                      "self": 58.94301479999592,
                      "children": [
                        {
                          "name": "UnityEnvironment._generate_step_input",
                          "total": 15.72155909999996,
                          "count": 188561,
                          "is_parallel": true,
                          "self": 15.72155909999996
                        },
                        {
                          "name": "communicator.exchange",
                          "total": 475.8019074000064,
                          "count": 188561,
                          "is_parallel": true,
                          "self": 475.8019074000064
                        }
                      ]
                    }
                  ]
                }
              ]
            }
          ]
        },
        {
          "name": "update_policy",
          "total": 47.216676099999965,
          "count": 16,
          "self": 28.263049100000444,
          "children": [
            {
              "name": "PPOPolicy.update",
              "total": 18.95362699999952,
              "count": 4608,
              "self": 18.95362699999952
            }
          ]
        }
      ]
    }
  ]
}