{
  "name": "root",
  "gauges": [
    {
      "name": "AnimalBehavior.mean_reward",
      "value": -0.48844221193699083,
      "min": -0.5,
      "max": -0.37573477886216616,
      "count": 123
    }
  ],
  "total": 1277.2849838,
  "count": 1,
  "self": 35.516347800001085,
  "children": [
    {
      "name": "TrainerController.advance",
      "total": 1241.7686359999989,
      "count": 24639,
      "self": 377.57135219999543,
      "children": [
        {
          "name": "env_step",
          "total": 268.7769957000031,
          "count": 24639,
          "self": 56.537572499974544,
          "children": [
            {
              "name": "SubprocessEnvManager._take_step",
              "total": 210.54225930002784,
              "count": 123071,
              "self": 5.225824500021361,
              "children": [
                {
                  "name": "PPOPolicy.evaluate",
                  "total": 205.31643480000648,
                  "count": 122871,
                  "self": 205.31643480000648
                }
              ]
            },
            {
              "name": "workers",
              "total": 1.697163900000735,
              "count": 24638,
              "self": 0.0,
              "children": [
                {
                  "name": "worker_root",
                  "total": 12685.028007400091,
                  "count": 123065,
                  "is_parallel": true,
                  "self": 10835.885039400073,
                  "children": [
                    {
                      "name": "UnityEnvironment.step",
                      "total": 1849.1429680000188,
                      "count": 123065,
                      "is_parallel": true,
                      "self": 117.82112520001692,
                      "children": [
                        {
                          "name": "UnityEnvironment._generate_step_input",
                          "total": 31.64374529999563,
                          "count": 123065,
                          "is_parallel": true,
                          "self": 31.64374529999563
                        },
                        {
                          "name": "communicator.exchange",
                          "total": 1699.6780975000063,
                          "count": 123065,
                          "is_parallel": true,
                          "self": 1699.6780975000063
                        }
                      ]
                    }
                  ]
                }
              ]
            }
          ]
        },
        {
          "name": "update_policy",
          "total": 595.4202881000003,
          "count": 79,
          "self": 400.83228310000635,
          "children": [
            {
              "name": "PPOPolicy.update",
              "total": 194.58800499999398,
              "count": 30336,
              "self": 194.58800499999398
            }
          ]
        }
      ]
    }
  ]
}