{
  "name": "root",
  "gauges": [
    {
      "name": "AnimalBehavior.mean_reward",
      "value": 0.3844444817966885,
      "min": 0.0,
      "max": 0.9357143842748233,
      "count": 138
    }
  ],
  "total": 1223.6316367,
  "count": 1,
  "self": 66.91670949999639,
  "children": [
    {
      "name": "TrainerController.advance",
      "total": 1156.7149272000036,
      "count": 94958,
      "self": 308.5525849000288,
      "children": [
        {
          "name": "env_step",
          "total": 517.0841190999744,
          "count": 94958,
          "self": 113.9195798999919,
          "children": [
            {
              "name": "SubprocessEnvManager._take_step",
              "total": 399.8084291999667,
              "count": 276472,
              "self": 10.37610909999347,
              "children": [
                {
                  "name": "PPOPolicy.evaluate",
                  "total": 389.43232009997325,
                  "count": 276472,
                  "self": 389.43232009997325
                }
              ]
            },
            {
              "name": "workers",
              "total": 3.356110000015738,
              "count": 94958,
              "self": 0.0,
              "children": [
                {
                  "name": "worker_root",
                  "total": 6072.982991399858,
                  "count": 276470,
                  "is_parallel": true,
                  "self": 5276.064751399893,
                  "children": [
                    {
                      "name": "UnityEnvironment.step",
                      "total": 796.9182399999652,
                      "count": 276470,
                      "is_parallel": true,
                      "self": 85.36316429990552,
                      "children": [
                        {
                          "name": "UnityEnvironment._generate_step_input",
                          "total": 24.29746520005624,
                          "count": 276470,
                          "is_parallel": true,
                          "self": 24.29746520005624
                        },
                        {
                          "name": "communicator.exchange",
                          "total": 687.2576105000035,
                          "count": 276470,
                          "is_parallel": true,
                          "self": 687.2576105000035
                        }
                      ]
                    }
                  ]
                }
              ]
            }
          ]
        },
        {
          "name": "update_policy",
          "total": 331.07822320000037,
          "count": 88,
          "self": 167.04052430000854,
          "children": [
            {
              "name": "PPOPolicy.update",
              "total": 164.03769889999182,
              "count": 53046,
              "self": 164.03769889999182
            }
          ]
        }
      ]
    }
  ]
}