{
  "name": "root",
  "gauges": [
    {
      "name": "AnimalBehavior.mean_reward",
      "value": 0.6501742991490093,
      "min": 0.0,
      "max": 1.4142535702742602,
      "count": 50
    }
  ],
  "total": 821.2026766,
  "count": 1,
  "self": 168.57254549999834,
  "children": [
    {
      "name": "TrainerController.advance",
      "total": 652.6301311000017,
      "count": 45019,
      "self": 239.51592959999795,
      "children": [
        {
          "name": "env_step",
          "total": 238.820654400004,
          "count": 45019,
          "self": 52.221334399998796,
          "children": [
            {
              "name": "SubprocessEnvManager._take_step",
              "total": 185.07288280000998,
              "count": 100444,
              "self": 4.369344099996539,
              "children": [
                {
                  "name": "PPOPolicy.evaluate",
                  "total": 180.70353870001344,
                  "count": 100444,
                  "self": 180.70353870001344
                }
              ]
            },
            {
              "name": "workers",
              "total": 1.5264371999952333,
              "count": 45018,
              "self": 0.0,
              "children": [
                {
                  "name": "worker_root",
                  "total": 4082.416498600009,
                  "count": 100441,
                  "is_parallel": true,
                  "self": 2723.3738921999907,
                  "children": [
                    {
                      "name": "UnityEnvironment.step",
                      "total": 1359.0426064000185,
                      "count": 100441,
                      "is_parallel": true,
                      "self": 58.90297020000389,
                      "children": [
                        {
                          "name": "UnityEnvironment._generate_step_input",
                          "total": 16.30144359999656,
                          "count": 100441,
                          "is_parallel": true,
                          "self": 16.30144359999656
                        },
                        {
                          "name": "communicator.exchange",
                          "total": 1283.838192600018,
                          "count": 100441,
                          "is_parallel": true,
                          "self": 1283.838192600018
                        }
                      ]
                    }
                  ]
                }
              ]
            }
          ]
        },
        {
          "name": "update_policy",
          "total": 174.29354709999973,
          "count": 45,
          "self": 126.15581380000225,
          "children": [
            {
              "name": "PPOPolicy.update",
              "total": 48.137733299997485,
              "count": 10395,
              "self": 48.137733299997485
            }
          ]
        }
      ]
    }
  ]
}