{
  "name": "root",
  "gauges": [
    {
      "name": "AnimalBrain.mean_reward",
      "value": -0.09600000143051148,
      "min": -0.09600000143051148,
      "max": 0.0812499993480742,
      "count": 12
    }
  ],
  "total": 160.94694030000002,
  "count": 1,
  "self": 15.973399699999788,
  "children": [
    {
      "name": "TrainerController.advance",
      "total": 144.97354060000023,
      "count": 12645,
      "self": 11.407196099999624,
      "children": [
        {
          "name": "env_step",
          "total": 128.32672060000058,
          "count": 12645,
          "self": 112.7534345000004,
          "children": [
            {
              "name": "SubprocessEnvManager._take_step",
              "total": 15.390111800000604,
              "count": 12645,
              "self": 0.39989350000093893,
              "children": [
                {
                  "name": "PPOPolicy.evaluate",
                  "total": 14.990218299999665,
                  "count": 12645,
                  "self": 14.990218299999665
                }
              ]
            },
            {
              "name": "workers",
              "total": 0.18317429999959067,
              "count": 12644,
              "self": 0.0,
              "children": [
                {
                  "name": "worker_root",
                  "total": 158.9055664999995,
                  "count": 12644,
                  "is_parallel": true,
                  "self": 56.51036199999989,
                  "children": [
                    {
                      "name": "UnityEnvironment.step",
                      "total": 102.39520449999962,
                      "count": 12644,
                      "is_parallel": true,
                      "self": 2.8459979999995824,
                      "children": [
                        {
                          "name": "UnityEnvironment._generate_step_input",
                          "total": 0.7700160999998378,
                          "count": 12644,
                          "is_parallel": true,
                          "self": 0.7700160999998378
                        },
                        {
                          "name": "communicator.exchange",
                          "total": 98.7791904000002,
                          "count": 12644,
                          "is_parallel": true,
                          "self": 98.7791904000002
                        }
                      ]
                    }
                  ]
                }
              ]
            }
          ]
        },
        {
          "name": "update_policy",
          "total": 5.239623900000014,
          "count": 48,
          "self": 1.8792556999995824,
          "children": [
            {
              "name": "PPOPolicy.update",
              "total": 3.3603682000004316,
              "count": 1452,
              "self": 3.3603682000004316
            }
          ]
        }
      ]
    }
  ]
}