{
  "name": "root",
  "gauges": [
    {
      "name": "AnimalBrain.mean_reward",
      "value": -0.06330275323686249,
      "min": -0.06548672663954506,
      "max": 0.08983050791893975,
      "count": 21
    }
  ],
  "total": 196.0805157,
  "count": 1,
  "self": 14.579321699999724,
  "children": [
    {
      "name": "TrainerController.advance",
      "total": 181.50119400000028,
      "count": 5329,
      "self": 24.926052900000712,
      "children": [
        {
          "name": "env_step",
          "total": 46.73557189999958,
          "count": 5329,
          "self": 9.835045800001168,
          "children": [
            {
              "name": "SubprocessEnvManager._take_step",
              "total": 36.60875679999833,
              "count": 21365,
              "self": 0.8639252999979163,
              "children": [
                {
                  "name": "PPOPolicy.evaluate",
                  "total": 35.744831500000416,
                  "count": 21365,
                  "self": 35.744831500000416
                }
              ]
            },
            {
              "name": "workers",
              "total": 0.2917693000000767,
              "count": 5329,
              "self": 0.0,
              "children": [
                {
                  "name": "worker_root",
                  "total": 1500.6336975999905,
                  "count": 21361,
                  "is_parallel": true,
                  "self": 1336.7781016999916,
                  "children": [
                    {
                      "name": "UnityEnvironment.step",
                      "total": 163.85559589999897,
                      "count": 21361,
                      "is_parallel": true,
                      "self": 12.271525599998853,
                      "children": [
                        {
                          "name": "UnityEnvironment._generate_step_input",
                          "total": 3.468313699998677,
                          "count": 21361,
                          "is_parallel": true,
                          "self": 3.468313699998677
                        },
                        {
                          "name": "communicator.exchange",
                          "total": 148.11575660000145,
                          "count": 21361,
                          "is_parallel": true,
                          "self": 148.11575660000145
                        }
                      ]
                    }
                  ]
                }
              ]
            }
          ]
        },
        {
          "name": "update_policy",
          "total": 109.83956919999999,
          "count": 20,
          "self": 14.389383899999999,
          "children": [
            {
              "name": "PPOPolicy.update",
              "total": 95.45018529999999,
              "count": 40351,
              "self": 95.45018529999999
            }
          ]
        }
      ]
    }
  ]
}