{
  "name": "root",
  "gauges": [
    {
      "name": "My Behavior.mean_reward",
      "value": 0.8161290322580645,
      "min": 0.049723756906077346,
      "max": 0.8682432432432432,
      "count": 83
    }
  ],
  "total": 1212.0846542000002,
  "count": 1,
  "self": 45.7897299999986,
  "children": [
    {
      "name": "TrainerController.advance",
      "total": 1166.2949242000016,
      "count": 47897,
      "self": 239.58157850000964,
      "children": [
        {
          "name": "env_step",
          "total": 362.66878429999133,
          "count": 47897,
          "self": 78.28107920000633,
          "children": [
            {
              "name": "SubprocessEnvManager._take_step",
              "total": 281.8840225999922,
              "count": 167956,
              "self": 6.909806500014668,
              "children": [
                {
                  "name": "PPOPolicy.evaluate",
                  "total": 274.9742160999775,
                  "count": 167956,
                  "self": 274.9742160999775
                }
              ]
            },
            {
              "name": "workers",
              "total": 2.5036824999927845,
              "count": 47896,
              "self": 0.0,
              "children": [
                {
                  "name": "worker_root",
                  "total": 8441.421836999965,
                  "count": 167950,
                  "is_parallel": true,
                  "self": 7275.534393699994,
                  "children": [
                    {
                      "name": "UnityEnvironment.step",
                      "total": 1165.8874432999705,
                      "count": 167950,
                      "is_parallel": true,
                      "self": 94.89019069998244,
                      "children": [
                        {
                          "name": "UnityEnvironment._generate_step_input",
                          "total": 26.3568119000002,
                          "count": 167950,
                          "is_parallel": true,
                          "self": 26.3568119000002
                        },
                        {
                          "name": "communicator.exchange",
                          "total": 1044.640440699988,
                          "count": 167950,
                          "is_parallel": true,
                          "self": 1044.640440699988
                        }
                      ]
                    }
                  ]
                }
              ]
            }
          ]
        },
        {
          "name": "update_policy",
          "total": 564.0445614000006,
          "count": 152,
          "self": 282.70209569999963,
          "children": [
            {
              "name": "PPOPolicy.update",
              "total": 281.34246570000096,
              "count": 87597,
              "self": 281.34246570000096
            }
          ]
        }
      ]
    }
  ]
}