{
  "name": "root",
  "gauges": [
    {
      "name": "AnimalBrain.mean_reward",
      "value": 0.7345268538845774,
      "min": -0.10000000149011612,
      "max": 0.7782383417141252,
      "count": 100
    }
  ],
  "total": 1406.6642776,
  "count": 1,
  "self": 54.216940600007774,
  "children": [
    {
      "name": "TrainerController.advance",
      "total": 1352.4473369999923,
      "count": 57175,
      "self": 261.43706800000996,
      "children": [
        {
          "name": "env_step",
          "total": 427.83174009998174,
          "count": 57175,
          "self": 92.21149399995585,
          "children": [
            {
              "name": "SubprocessEnvManager._take_step",
              "total": 332.70668200002035,
              "count": 200004,
              "self": 8.264935700054252,
              "children": [
                {
                  "name": "PPOPolicy.evaluate",
                  "total": 324.4417462999661,
                  "count": 200004,
                  "self": 324.4417462999661
                }
              ]
            },
            {
              "name": "workers",
              "total": 2.9135641000055337,
              "count": 57175,
              "self": 0.0,
              "children": [
                {
                  "name": "worker_root",
                  "total": 9803.945721099963,
                  "count": 200001,
                  "is_parallel": true,
                  "self": 8280.432999199977,
                  "children": [
                    {
                      "name": "UnityEnvironment.step",
                      "total": 1523.5127218999855,
                      "count": 200001,
                      "is_parallel": true,
                      "self": 113.05869180006812,
                      "children": [
                        {
                          "name": "UnityEnvironment._generate_step_input",
                          "total": 31.343407199956467,
                          "count": 200001,
                          "is_parallel": true,
                          "self": 31.343407199956467
                        },
                        {
                          "name": "communicator.exchange",
                          "total": 1379.1106228999608,
                          "count": 200001,
                          "is_parallel": true,
                          "self": 1379.1106228999608
                        }
                      ]
                    }
                  ]
                }
              ]
            }
          ]
        },
        {
          "name": "update_policy",
          "total": 663.1785289000006,
          "count": 185,
          "self": 334.1439606999895,
          "children": [
            {
              "name": "PPOPolicy.update",
              "total": 329.0345682000111,
              "count": 106632,
              "self": 329.0345682000111
            }
          ]
        }
      ]
    }
  ]
}