{
  "name": "root",
  "gauges": [
    {
      "name": "AnimalBehavior.mean_reward",
      "value": -0.09090909226374193,
      "min": -0.09090909226374193,
      "max": -0.01568627372091892,
      "count": 3
    }
  ],
  "total": 34.2749071,
  "count": 1,
  "self": 9.046014099999972,
  "children": [
    {
      "name": "TrainerController.advance",
      "total": 25.228893000000028,
      "count": 3306,
      "self": 8.12339140000006,
      "children": [
        {
          "name": "env_step",
          "total": 12.189060899999967,
          "count": 3306,
          "self": 2.7767823000000664,
          "children": [
            {
              "name": "SubprocessEnvManager._take_step",
              "total": 9.329672899999881,
              "count": 6605,
              "self": 0.2404897999997324,
              "children": [
                {
                  "name": "PPOPolicy.evaluate",
                  "total": 9.089183100000149,
                  "count": 6605,
                  "self": 9.089183100000149
                }
              ]
            },
            {
              "name": "workers",
              "total": 0.08260570000001888,
              "count": 3306,
              "self": 0.0,
              "children": [
                {
                  "name": "worker_root",
                  "total": 120.26276999999985,
                  "count": 6603,
                  "is_parallel": true,
                  "self": 100.61317279999993,
                  "children": [
                    {
                      "name": "UnityEnvironment.step",
                      "total": 19.64959719999992,
                      "count": 6603,
                      "is_parallel": true,
                      "self": 2.910201500000028,
                      "children": [
                        {
                          "name": "UnityEnvironment._generate_step_input",
                          "total": 0.5524621000000183,
                          "count": 6603,
                          "is_parallel": true,
                          "self": 0.5524621000000183
                        },
                        {
                          "name": "communicator.exchange",
                          "total": 16.186933599999875,
                          "count": 6603,
                          "is_parallel": true,
                          "self": 16.186933599999875
                        }
                      ]
                    }
                  ]
                }
              ]
            }
          ]
        },
        {
          "name": "update_policy",
          "total": 4.916440699999999,
          "count": 6,
          "self": 2.3613648000000644,
          "children": [
            {
              "name": "PPOPolicy.update",
              "total": 2.5550758999999346,
              "count": 701,
              "self": 2.5550758999999346
            }
          ]
        }
      ]
    }
  ]
}