{
  "name": "root",
  "gauges": [
    {
      "name": "AnimalBehavior.mean_reward",
      "value": -0.10000000149011612,
      "min": -0.10000000149011612,
      "max": 0.07741936524548838,
      "count": 67
    }
  ],
  "total": 551.172021,
  "count": 1,
  "self": 51.34487229998513,
  "children": [
    {
      "name": "TrainerController.advance",
      "total": 499.82714870001485,
      "count": 67817,
      "self": 98.20397630000832,
      "children": [
        {
          "name": "env_step",
          "total": 247.36729560000643,
          "count": 67817,
          "self": 57.30897730001982,
          "children": [
            {
              "name": "SubprocessEnvManager._take_step",
              "total": 188.3098613999888,
              "count": 135624,
              "self": 4.799163299990596,
              "children": [
                {
                  "name": "PPOPolicy.evaluate",
                  "total": 183.5106980999982,
                  "count": 135624,
                  "self": 183.5106980999982
                }
              ]
            },
            {
              "name": "workers",
              "total": 1.7484568999978327,
              "count": 67816,
              "self": 0.0,
              "children": [
                {
                  "name": "worker_root",
                  "total": 2185.9974486000283,
                  "count": 135620,
                  "is_parallel": true,
                  "self": 1815.6311027000252,
                  "children": [
                    {
                      "name": "UnityEnvironment.step",
                      "total": 370.36634590000307,
                      "count": 135620,
                      "is_parallel": true,
                      "self": 40.44051609999235,
                      "children": [
                        {
                          "name": "UnityEnvironment._generate_step_input",
                          "total": 11.383679200005622,
                          "count": 135620,
                          "is_parallel": true,
                          "self": 11.383679200005622
                        },
                        {
                          "name": "communicator.exchange",
                          "total": 318.5421506000051,
                          "count": 135620,
                          "is_parallel": true,
                          "self": 318.5421506000051
                        }
                      ]
                    }
                  ]
                }
              ]
            }
          ]
        },
        {
          "name": "update_policy",
          "total": 154.25587680000012,
          "count": 44,
          "self": 74.26255949999648,
          "children": [
            {
              "name": "PPOPolicy.update",
              "total": 79.99331730000364,
              "count": 22920,
              "self": 79.99331730000364
            }
          ]
        }
      ]
    }
  ]
}