{
  "name": "root",
  "gauges": [
    {
      "name": "AnimalBehavior.mean_reward",
      "value": -0.10000000149011612,
      "min": -0.10000000149011612,
      "max": 0.12307694296424206,
      "count": 100
    }
  ],
  "total": 702.7097059,
  "count": 1,
  "self": 67.24205439999832,
  "children": [
    {
      "name": "TrainerController.advance",
      "total": 635.4676515000017,
      "count": 100005,
      "self": 135.33393900000624,
      "children": [
        {
          "name": "env_step",
          "total": 346.53723529999525,
          "count": 100005,
          "self": 80.14267970000475,
          "children": [
            {
              "name": "SubprocessEnvManager._take_step",
              "total": 263.9552604999949,
              "count": 200004,
              "self": 6.6389514000249505,
              "children": [
                {
                  "name": "PPOPolicy.evaluate",
                  "total": 257.31630909996994,
                  "count": 200004,
                  "self": 257.31630909996994
                }
              ]
            },
            {
              "name": "workers",
              "total": 2.4392950999956255,
              "count": 100005,
              "self": 0.0,
              "children": [
                {
                  "name": "worker_root",
                  "total": 2789.5441674000213,
                  "count": 200002,
                  "is_parallel": true,
                  "self": 2271.0960324000157,
                  "children": [
                    {
                      "name": "UnityEnvironment.step",
                      "total": 518.4481350000054,
                      "count": 200002,
                      "is_parallel": true,
                      "self": 57.33396640001689,
                      "children": [
                        {
                          "name": "UnityEnvironment._generate_step_input",
                          "total": 15.787834999988915,
                          "count": 200002,
                          "is_parallel": true,
                          "self": 15.787834999988915
                        },
                        {
                          "name": "communicator.exchange",
                          "total": 445.32633359999966,
                          "count": 200002,
                          "is_parallel": true,
                          "self": 445.32633359999966
                        }
                      ]
                    }
                  ]
                }
              ]
            }
          ]
        },
        {
          "name": "update_policy",
          "total": 153.59647720000024,
          "count": 33,
          "self": 92.52475800000478,
          "children": [
            {
              "name": "PPOPolicy.update",
              "total": 61.07171919999546,
              "count": 14798,
              "self": 61.07171919999546
            }
          ]
        }
      ]
    }
  ]
}