{
  "name": "root",
  "gauges": [
    {
      "name": "AnimalBehavior.mean_reward",
      "value": 0.0,
      "min": 0.0,
      "max": 0.8555556475406602,
      "count": 113
    }
  ],
  "total": 1032.7302033,
  "count": 1,
  "self": 58.02126620000013,
  "children": [
    {
      "name": "TrainerController.advance",
      "total": 974.7089371,
      "count": 78404,
      "self": 258.0553369999934,
      "children": [
        {
          "name": "env_step",
          "total": 430.9864627000064,
          "count": 78404,
          "self": 96.22151679998171,
          "children": [
            {
              "name": "SubprocessEnvManager._take_step",
              "total": 331.9945790000288,
              "count": 227770,
              "self": 8.650304300035202,
              "children": [
                {
                  "name": "PPOPolicy.evaluate",
                  "total": 323.3442746999936,
                  "count": 227770,
                  "self": 323.3442746999936
                }
              ]
            },
            {
              "name": "workers",
              "total": 2.7703668999959294,
              "count": 78404,
              "self": 0.0,
              "children": [
                {
                  "name": "worker_root",
                  "total": 5132.887619199988,
                  "count": 227767,
                  "is_parallel": true,
                  "self": 4461.351912200022,
                  "children": [
                    {
                      "name": "UnityEnvironment.step",
                      "total": 671.5357069999665,
                      "count": 227767,
                      "is_parallel": true,
                      "self": 73.10331739994331,
                      "children": [
                        {
                          "name": "UnityEnvironment._generate_step_input",
                          "total": 21.049171300004044,
                          "count": 227767,
                          "is_parallel": true,
                          "self": 21.049171300004044
                        },
                        {
                          "name": "communicator.exchange",
                          "total": 577.3832183000192,
                          "count": 227767,
                          "is_parallel": true,
                          "self": 577.3832183000192
                        }
                      ]
                    }
                  ]
                }
              ]
            }
          ]
        },
        {
          "name": "update_policy",
          "total": 285.6671374000002,
          "count": 37,
          "self": 145.55738439999928,
          "children": [
            {
              "name": "PPOPolicy.update",
              "total": 140.1097530000009,
              "count": 43848,
              "self": 140.1097530000009
            }
          ]
        }
      ]
    }
  ]
}