{
  "name": "root",
  "gauges": [
    {
      "name": "AnimalBrain.mean_reward",
      "value": 0.0,
      "min": -0.033333333830038704,
      "max": 0.0,
      "count": 2
    }
  ],
  "total": 50.8977328,
  "count": 1,
  "self": 23.865809400000078,
  "children": [
    {
      "name": "TrainerController.advance",
      "total": 27.031923399999922,
      "count": 2188,
      "self": 2.1936113000001,
      "children": [
        {
          "name": "env_step",
          "total": 23.905547499999827,
          "count": 2188,
          "self": 21.030456700000038,
          "children": [
            {
              "name": "SubprocessEnvManager._take_step",
              "total": 2.841730799999766,
              "count": 2188,
              "self": 0.07307939999975233,
              "children": [
                {
                  "name": "PPOPolicy.evaluate",
                  "total": 2.7686514000000138,
                  "count": 2188,
                  "self": 2.7686514000000138
                }
              ]
            },
            {
              "name": "workers",
              "total": 0.03336000000002315,
              "count": 2187,
              "self": 0.0,
              "children": [
                {
                  "name": "worker_root",
                  "total": 49.08748060000008,
                  "count": 2187,
                  "is_parallel": true,
                  "self": 29.948642300000063,
                  "children": [
                    {
                      "name": "UnityEnvironment.step",
                      "total": 19.138838300000014,
                      "count": 2187,
                      "is_parallel": true,
                      "self": 0.5386457999998804,
                      "children": [
                        {
                          "name": "UnityEnvironment._generate_step_input",
                          "total": 0.14451890000002976,
                          "count": 2187,
                          "is_parallel": true,
                          "self": 0.14451890000002976
                        },
                        {
                          "name": "communicator.exchange",
                          "total": 18.455673600000104,
                          "count": 2187,
                          "is_parallel": true,
                          "self": 18.455673600000104
                        }
                      ]
                    }
                  ]
                }
              ]
            }
          ]
        },
        {
          "name": "update_policy",
          "total": 0.9327645999999952,
          "count": 8,
          "self": 0.3108374999999235,
          "children": [
            {
              "name": "PPOPolicy.update",
              "total": 0.6219271000000717,
              "count": 246,
              "self": 0.6219271000000717
            }
          ]
        }
      ]
    }
  ]
}