{
  "name": "root",
  "gauges": [
    {
      "name": "My Behavior.mean_reward",
      "value": 0.6899563318777293,
      "min": 0.05,
      "max": 0.7098901098901099,
      "count": 100
    }
  ],
  "total": 1384.4229010000001,
  "count": 1,
  "self": 52.37077990001444,
  "children": [
    {
      "name": "TrainerController.advance",
      "total": 1332.0521210999857,
      "count": 57038,
      "self": 267.8429759000053,
      "children": [
        {
          "name": "env_step",
          "total": 434.82134449997955,
          "count": 57038,
          "self": 96.57727889997005,
          "children": [
            {
              "name": "SubprocessEnvManager._take_step",
              "total": 335.2839474999993,
              "count": 200006,
              "self": 8.331838400026868,
              "children": [
                {
                  "name": "PPOPolicy.evaluate",
                  "total": 326.9521090999724,
                  "count": 200006,
                  "self": 326.9521090999724
                }
              ]
            },
            {
              "name": "workers",
              "total": 2.9601181000101953,
              "count": 57038,
              "self": 0.0,
              "children": [
                {
                  "name": "worker_root",
                  "total": 9650.214158900264,
                  "count": 200002,
                  "is_parallel": true,
                  "self": 8257.694203500272,
                  "children": [
                    {
                      "name": "UnityEnvironment.step",
                      "total": 1392.519955399991,
                      "count": 200002,
                      "is_parallel": true,
                      "self": 112.79773089997002,
                      "children": [
                        {
                          "name": "UnityEnvironment._generate_step_input",
                          "total": 31.91979750001319,
                          "count": 200002,
                          "is_parallel": true,
                          "self": 31.91979750001319
                        },
                        {
                          "name": "communicator.exchange",
                          "total": 1247.8024270000078,
                          "count": 200002,
                          "is_parallel": true,
                          "self": 1247.8024270000078
                        }
                      ]
                    }
                  ]
                }
              ]
            }
          ]
        },
        {
          "name": "update_policy",
          "total": 629.3878007000008,
          "count": 184,
          "self": 338.85151430001724,
          "children": [
            {
              "name": "PPOPolicy.update",
              "total": 290.5362863999835,
              "count": 106056,
              "self": 290.5362863999835
            }
          ]
        }
      ]
    }
  ]
}