{
  "name": "root",
  "gauges": [
    {
      "name": "AnimalBehavior.mean_reward",
      "value": 0.0,
      "min": -0.015151515377290321,
      "max": 0.08125000447034836,
      "count": 131
    }
  ],
  "total": 363.37822650000004,
  "count": 1,
  "self": 35.852391100002365,
  "children": [
    {
      "name": "TrainerController.advance",
      "total": 327.5258353999977,
      "count": 44963,
      "self": 62.948398099995245,
      "children": [
        {
          "name": "env_step",
          "total": 233.2460972000024,
          "count": 44963,
          "self": 55.73922789999597,
          "children": [
            {
              "name": "SubprocessEnvManager._take_step",
              "total": 176.02093770000886,
              "count": 131860,
              "self": 5.053198900008397,
              "children": [
                {
                  "name": "PPOPolicy.evaluate",
                  "total": 170.96773880000046,
                  "count": 131860,
                  "self": 170.96773880000046
                }
              ]
            },
            {
              "name": "workers",
              "total": 1.4859315999975848,
              "count": 44962,
              "self": 0.0,
              "children": [
                {
                  "name": "worker_root",
                  "total": 1793.6549870999913,
                  "count": 131855,
                  "is_parallel": true,
                  "self": 1417.159176199991,
                  "children": [
                    {
                      "name": "UnityEnvironment.step",
                      "total": 376.4958109000004,
                      "count": 131855,
                      "is_parallel": true,
                      "self": 40.86218959999758,
                      "children": [
                        {
                          "name": "UnityEnvironment._generate_step_input",
                          "total": 10.733815200003871,
                          "count": 131855,
                          "is_parallel": true,
                          "self": 10.733815200003871
                        },
                        {
                          "name": "communicator.exchange",
                          "total": 324.89980609999895,
                          "count": 131855,
                          "is_parallel": true,
                          "self": 324.89980609999895
                        }
                      ]
                    }
                  ]
                }
              ]
            }
          ]
        },
        {
          "name": "update_policy",
          "total": 31.331340100000006,
          "count": 11,
          "self": 14.99215749999896,
          "children": [
            {
              "name": "PPOPolicy.update",
              "total": 16.339182600001045,
              "count": 4928,
              "self": 16.339182600001045
            }
          ]
        }
      ]
    }
  ]
}