{
  "name": "root",
  "gauges": [
    {
      "name": "AnimalBrain.mean_reward",
      "value": 0.14457831217581968,
      "min": -0.07181818288835612,
      "max": 0.14457831217581968,
      "count": 133
    }
  ],
  "total": 826.1273815,
  "count": 1,
  "self": 55.65516210000453,
  "children": [
    {
      "name": "TrainerController.advance",
      "total": 770.4722193999954,
      "count": 44916,
      "self": 178.76293909998628,
      "children": [
        {
          "name": "env_step",
          "total": 286.5210797000088,
          "count": 44916,
          "self": 63.760666999978014,
          "children": [
            {
              "name": "SubprocessEnvManager._take_step",
              "total": 220.7295945000243,
              "count": 133493,
              "self": 5.344145500024069,
              "children": [
                {
                  "name": "PPOPolicy.evaluate",
                  "total": 215.38544900000022,
                  "count": 133493,
                  "self": 215.38544900000022
                }
              ]
            },
            {
              "name": "workers",
              "total": 2.030818200006472,
              "count": 44916,
              "self": 0.0,
              "children": [
                {
                  "name": "worker_root",
                  "total": 4922.500871900068,
                  "count": 133491,
                  "is_parallel": true,
                  "self": 3868.2065883000514,
                  "children": [
                    {
                      "name": "UnityEnvironment.step",
                      "total": 1054.2942836000168,
                      "count": 133491,
                      "is_parallel": true,
                      "self": 74.37499030002311,
                      "children": [
                        {
                          "name": "UnityEnvironment._generate_step_input",
                          "total": 20.75663249999482,
                          "count": 133491,
                          "is_parallel": true,
                          "self": 20.75663249999482
                        },
                        {
                          "name": "communicator.exchange",
                          "total": 959.1626607999989,
                          "count": 133491,
                          "is_parallel": true,
                          "self": 959.1626607999989
                        }
                      ]
                    }
                  ]
                }
              ]
            }
          ]
        },
        {
          "name": "update_policy",
          "total": 305.18820060000036,
          "count": 125,
          "self": 195.2382234999959,
          "children": [
            {
              "name": "PPOPolicy.update",
              "total": 109.94997710000446,
              "count": 32802,
              "self": 109.94997710000446
            }
          ]
        }
      ]
    }
  ]
}