{
  "name": "root",
  "gauges": [
    {
      "name": "AnimalBehavior.mean_reward",
      "value": -0.6400000721216201,
      "min": -1.116666813691457,
      "max": -0.04000000730156898,
      "count": 123
    }
  ],
  "total": 508.397848,
  "count": 1,
  "self": 48.46620299999398,
  "children": [
    {
      "name": "TrainerController.advance",
      "total": 459.93164500000603,
      "count": 61831,
      "self": 85.1630954000085,
      "children": [
        {
          "name": "env_step",
          "total": 227.29970939999754,
          "count": 61831,
          "self": 52.73647970000769,
          "children": [
            {
              "name": "SubprocessEnvManager._take_step",
              "total": 172.95719129999435,
              "count": 123652,
              "self": 4.2210885000085625,
              "children": [
                {
                  "name": "PPOPolicy.evaluate",
                  "total": 168.7361027999858,
                  "count": 123652,
                  "self": 168.7361027999858
                }
              ]
            },
            {
              "name": "workers",
              "total": 1.6060383999954864,
              "count": 61830,
              "self": 0.0,
              "children": [
                {
                  "name": "worker_root",
                  "total": 2015.1998915000245,
                  "count": 123649,
                  "is_parallel": true,
                  "self": 1670.6858085000263,
                  "children": [
                    {
                      "name": "UnityEnvironment.step",
                      "total": 344.5140829999982,
                      "count": 123649,
                      "is_parallel": true,
                      "self": 37.201250099996685,
                      "children": [
                        {
                          "name": "UnityEnvironment._generate_step_input",
                          "total": 10.575686800004704,
                          "count": 123649,
                          "is_parallel": true,
                          "self": 10.575686800004704
                        },
                        {
                          "name": "communicator.exchange",
                          "total": 296.73714609999683,
                          "count": 123649,
                          "is_parallel": true,
                          "self": 296.73714609999683
                        }
                      ]
                    }
                  ]
                }
              ]
            }
          ]
        },
        {
          "name": "update_policy",
          "total": 147.4688402,
          "count": 26,
          "self": 65.57618059999933,
          "children": [
            {
              "name": "PPOPolicy.update",
              "total": 81.89265960000066,
              "count": 20736,
              "self": 81.89265960000066
            }
          ]
        }
      ]
    }
  ]
}