{
  "name": "root",
  "gauges": [
    {
      "name": "My Behavior.mean_reward",
      "value": 0.45381984036488027,
      "min": 0.04675716440422323,
      "max": 0.4855072463768116,
      "count": 40
    }
  ],
  "total": 600.0082853,
  "count": 1,
  "self": 26.583859399996754,
  "children": [
    {
      "name": "TrainerController.advance",
      "total": 573.4244259000033,
      "count": 20140,
      "self": 123.4517360000001,
      "children": [
        {
          "name": "env_step",
          "total": 175.37848040000347,
          "count": 20140,
          "self": 37.68765490000487,
          "children": [
            {
              "name": "SubprocessEnvManager._take_step",
              "total": 136.59603759999897,
              "count": 81298,
              "self": 3.4115921000041283,
              "children": [
                {
                  "name": "PPOPolicy.evaluate",
                  "total": 133.18444549999484,
                  "count": 81298,
                  "self": 133.18444549999484
                }
              ]
            },
            {
              "name": "workers",
              "total": 1.0947878999996412,
              "count": 20139,
              "self": 0.0,
              "children": [
                {
                  "name": "worker_root",
                  "total": 4752.421093199982,
                  "count": 81290,
                  "is_parallel": true,
                  "self": 4185.266587699985,
                  "children": [
                    {
                      "name": "UnityEnvironment.step",
                      "total": 567.154505499997,
                      "count": 81290,
                      "is_parallel": true,
                      "self": 46.584651000008535,
                      "children": [
                        {
                          "name": "UnityEnvironment._generate_step_input",
                          "total": 12.951315099989086,
                          "count": 81290,
                          "is_parallel": true,
                          "self": 12.951315099989086
                        },
                        {
                          "name": "communicator.exchange",
                          "total": 507.6185393999993,
                          "count": 81290,
                          "is_parallel": true,
                          "self": 507.6185393999993
                        }
                      ]
                    }
                  ]
                }
              ]
            }
          ]
        },
        {
          "name": "update_policy",
          "total": 274.5942094999997,
          "count": 71,
          "self": 132.14865280001106,
          "children": [
            {
              "name": "PPOPolicy.update",
              "total": 142.44555669998863,
              "count": 40896,
              "self": 142.44555669998863
            }
          ]
        }
      ]
    }
  ]
}