{
  "name": "root",
  "gauges": [
    {
      "name": "AnimalBehavior.mean_reward",
      "value": -0.5,
      "min": -0.50014985014464,
      "max": -0.4720980418352958,
      "count": 143
    }
  ],
  "total": 1486.4217933,
  "count": 1,
  "self": 40.2023994000192,
  "children": [
    {
      "name": "TrainerController.advance",
      "total": 1446.2193938999808,
      "count": 28745,
      "self": 421.52054119998,
      "children": [
        {
          "name": "env_step",
          "total": 319.7857392000015,
          "count": 28745,
          "self": 67.50873839998698,
          "children": [
            {
              "name": "SubprocessEnvManager._take_step",
              "total": 250.3235266000082,
              "count": 143504,
              "self": 6.108105500002097,
              "children": [
                {
                  "name": "PPOPolicy.evaluate",
                  "total": 244.2154211000061,
                  "count": 143304,
                  "self": 244.2154211000061
                }
              ]
            },
            {
              "name": "workers",
              "total": 1.9534742000063279,
              "count": 28745,
              "self": 0.0,
              "children": [
                {
                  "name": "worker_root",
                  "total": 14720.959367400079,
                  "count": 143499,
                  "is_parallel": true,
                  "self": 12602.246164900036,
                  "children": [
                    {
                      "name": "UnityEnvironment.step",
                      "total": 2118.713202500043,
                      "count": 143499,
                      "is_parallel": true,
                      "self": 138.30837590006968,
                      "children": [
                        {
                          "name": "UnityEnvironment._generate_step_input",
                          "total": 36.52658869997576,
                          "count": 143499,
                          "is_parallel": true,
                          "self": 36.52658869997576
                        },
                        {
                          "name": "communicator.exchange",
                          "total": 1943.8782378999974,
                          "count": 143499,
                          "is_parallel": true,
                          "self": 1943.8782378999974
                        }
                      ]
                    }
                  ]
                }
              ]
            }
          ]
        },
        {
          "name": "update_policy",
          "total": 704.9131134999993,
          "count": 93,
          "self": 475.82025190000957,
          "children": [
            {
              "name": "PPOPolicy.update",
              "total": 229.0928615999898,
              "count": 35568,
              "self": 229.0928615999898
            }
          ]
        }
      ]
    }
  ]
}