{
  "name": "root",
  "gauges": [
    {
      "name": "AnimalBehavior.mean_reward",
      "value": 0.0,
      "min": -0.033333332110673956,
      "max": 0.0,
      "count": 17
    }
  ],
  "total": 168.1734667,
  "count": 1,
  "self": 16.918683100000436,
  "children": [
    {
      "name": "TrainerController.advance",
      "total": 151.25478359999957,
      "count": 13050,
      "self": 41.89307359999934,
      "children": [
        {
          "name": "env_step",
          "total": 67.85832190000028,
          "count": 13050,
          "self": 15.626391300000137,
          "children": [
            {
              "name": "SubprocessEnvManager._take_step",
              "total": 51.78281649999982,
              "count": 34994,
              "self": 1.306060299999423,
              "children": [
                {
                  "name": "PPOPolicy.evaluate",
                  "total": 50.476756200000395,
                  "count": 34994,
                  "self": 50.476756200000395
                }
              ]
            },
            {
              "name": "workers",
              "total": 0.4491141000003207,
              "count": 13050,
              "self": 0.0,
              "children": [
                {
                  "name": "worker_root",
                  "total": 817.1459523000091,
                  "count": 34991,
                  "is_parallel": true,
                  "self": 694.7817407000106,
                  "children": [
                    {
                      "name": "UnityEnvironment.step",
                      "total": 122.36421159999848,
                      "count": 34991,
                      "is_parallel": true,
                      "self": 26.065539200000742,
                      "children": [
                        {
                          "name": "UnityEnvironment._generate_step_input",
                          "total": 3.3135060999998203,
                          "count": 34991,
                          "is_parallel": true,
                          "self": 3.3135060999998203
                        },
                        {
                          "name": "communicator.exchange",
                          "total": 92.98516629999793,
                          "count": 34991,
                          "is_parallel": true,
                          "self": 92.98516629999793
                        }
                      ]
                    }
                  ]
                }
              ]
            }
          ]
        },
        {
          "name": "update_policy",
          "total": 41.50338809999995,
          "count": 34,
          "self": 14.520255500001095,
          "children": [
            {
              "name": "PPOPolicy.update",
              "total": 26.983132599998857,
              "count": 8558,
              "self": 26.983132599998857
            }
          ]
        }
      ]
    }
  ]
}