{
  "name": "root",
  "gauges": [
    {
      "name": "AnimalBehavior.mean_reward",
      "value": -0.48015960300169386,
      "min": -0.49486077531098815,
      "max": -0.48015960300169386,
      "count": 2
    }
  ],
  "total": 77.7775423,
  "count": 1,
  "self": 14.772753200000054,
  "children": [
    {
      "name": "TrainerController.advance",
      "total": 63.00478909999994,
      "count": 1435,
      "self": 19.803973000000035,
      "children": [
        {
          "name": "env_step",
          "total": 5.50247189999992,
          "count": 1435,
          "self": 2.0876531000002077,
          "children": [
            {
              "name": "SubprocessEnvManager._take_step",
              "total": 3.384406499999921,
              "count": 2093,
              "self": 0.08709009999989803,
              "children": [
                {
                  "name": "PPOPolicy.evaluate",
                  "total": 3.297316400000023,
                  "count": 1919,
                  "self": 3.297316400000023
                }
              ]
            },
            {
              "name": "workers",
              "total": 0.030412299999791337,
              "count": 1435,
              "self": 0.0,
              "children": [
                {
                  "name": "worker_root",
                  "total": 205.60862299999994,
                  "count": 2092,
                  "is_parallel": true,
                  "self": 164.89779410000003,
                  "children": [
                    {
                      "name": "UnityEnvironment.step",
                      "total": 40.7108288999999,
                      "count": 2092,
                      "is_parallel": true,
                      "self": 3.6053132999996222,
                      "children": [
                        {
                          "name": "UnityEnvironment._generate_step_input",
                          "total": 0.9723524000002954,
                          "count": 2092,
                          "is_parallel": true,
                          "self": 0.9723524000002954
                        },
                        {
                          "name": "communicator.exchange",
                          "total": 36.133163199999984,
                          "count": 2092,
                          "is_parallel": true,
                          "self": 36.133163199999984
                        }
                      ]
                    }
                  ]
                }
              ]
            }
          ]
        },
        {
          "name": "update_policy",
          "total": 37.69834419999999,
          "count": 6,
          "self": 15.619147000000122,
          "children": [
            {
              "name": "PPOPolicy.update",
              "total": 22.079197199999864,
              "count": 937,
              "self": 22.079197199999864
            }
          ]
        }
      ]
    }
  ]
}