{
  "name": "root",
  "gauges": [
    {
      "name": "AnimalBehavior.mean_reward",
      "value": -0.10000000149011612,
      "min": -0.10000000149011612,
      "max": 0.05319149839751264,
      "count": 100
    }
  ],
  "total": 728.3411238,
  "count": 1,
  "self": 69.07039679999411,
  "children": [
    {
      "name": "TrainerController.advance",
      "total": 659.2707270000059,
      "count": 100008,
      "self": 143.8782354000149,
      "children": [
        {
          "name": "env_step",
          "total": 358.60660599999085,
          "count": 100008,
          "self": 83.83830389998508,
          "children": [
            {
              "name": "SubprocessEnvManager._take_step",
              "total": 272.202016399992,
              "count": 200003,
              "self": 6.93483580002254,
              "children": [
                {
                  "name": "PPOPolicy.evaluate",
                  "total": 265.26718059996944,
                  "count": 200003,
                  "self": 265.26718059996944
                }
              ]
            },
            {
              "name": "workers",
              "total": 2.566285700013788,
              "count": 100008,
              "self": 0.0,
              "children": [
                {
                  "name": "worker_root",
                  "total": 2891.9721060999627,
                  "count": 200001,
                  "is_parallel": true,
                  "self": 2354.2630220999545,
                  "children": [
                    {
                      "name": "UnityEnvironment.step",
                      "total": 537.7090840000081,
                      "count": 200001,
                      "is_parallel": true,
                      "self": 58.854302600026415,
                      "children": [
                        {
                          "name": "UnityEnvironment._generate_step_input",
                          "total": 16.43647079997963,
                          "count": 200001,
                          "is_parallel": true,
                          "self": 16.43647079997963
                        },
                        {
                          "name": "communicator.exchange",
                          "total": 462.4183106000021,
                          "count": 200001,
                          "is_parallel": true,
                          "self": 462.4183106000021
                        }
                      ]
                    }
                  ]
                }
              ]
            }
          ]
        },
        {
          "name": "update_policy",
          "total": 156.78588560000014,
          "count": 33,
          "self": 105.91507989999812,
          "children": [
            {
              "name": "PPOPolicy.update",
              "total": 50.87080570000203,
              "count": 8448,
              "self": 50.87080570000203
            }
          ]
        }
      ]
    }
  ]
}