{
  "name": "root",
  "gauges": [
    {
      "name": "AnimalBehavior.mean_reward",
      "value": 0.0,
      "min": 0.0,
      "max": 0.022222223105253996,
      "count": 34
    }
  ],
  "total": 297.3980816,
  "count": 1,
  "self": 20.272292199999526,
  "children": [
    {
      "name": "TrainerController.advance",
      "total": 277.1257894000005,
      "count": 17690,
      "self": 67.13729500000139,
      "children": [
        {
          "name": "env_step",
          "total": 127.46849829999908,
          "count": 17690,
          "self": 27.646013500002184,
          "children": [
            {
              "name": "SubprocessEnvManager._take_step",
              "total": 99.05381739999751,
              "count": 69037,
              "self": 2.4683379999918458,
              "children": [
                {
                  "name": "PPOPolicy.evaluate",
                  "total": 96.58547940000567,
                  "count": 69037,
                  "self": 96.58547940000567
                }
              ]
            },
            {
              "name": "workers",
              "total": 0.7686673999993907,
              "count": 17690,
              "self": 0.0,
              "children": [
                {
                  "name": "worker_root",
                  "total": 1754.5951028999955,
                  "count": 69035,
                  "is_parallel": true,
                  "self": 1563.0997357999954,
                  "children": [
                    {
                      "name": "UnityEnvironment.step",
                      "total": 191.49536710000015,
                      "count": 69035,
                      "is_parallel": true,
                      "self": 20.888040299995964,
                      "children": [
                        {
                          "name": "UnityEnvironment._generate_step_input",
                          "total": 5.784959499998857,
                          "count": 69035,
                          "is_parallel": true,
                          "self": 5.784959499998857
                        },
                        {
                          "name": "communicator.exchange",
                          "total": 164.82236730000534,
                          "count": 69035,
                          "is_parallel": true,
                          "self": 164.82236730000534
                        }
                      ]
                    }
                  ]
                }
              ]
            }
          ]
        },
        {
          "name": "update_policy",
          "total": 82.51999610000001,
          "count": 21,
          "self": 38.128565200000764,
          "children": [
            {
              "name": "PPOPolicy.update",
              "total": 44.39143089999925,
              "count": 12645,
              "self": 44.39143089999925
            }
          ]
        }
      ]
    }
  ]
}