{
  "name": "root",
  "gauges": [
    {
      "name": "AnimalBehavior.mean_reward",
      "value": -0.39028302753203603,
      "min": -0.507681158978654,
      "max": -0.30607844590897265,
      "count": 300
    }
  ],
  "total": 2960.4969376,
  "count": 1,
  "self": 46.46128849998286,
  "children": [
    {
      "name": "TrainerController.advance",
      "total": 2914.035649100017,
      "count": 19382,
      "self": 455.1859102000212,
      "children": [
        {
          "name": "env_step",
          "total": 800.3368440999946,
          "count": 19382,
          "self": 152.28063099996984,
          "children": [
            {
              "name": "SubprocessEnvManager._take_step",
              "total": 644.065160200008,
              "count": 300336,
              "self": 14.896428499988133,
              "children": [
                {
                  "name": "PPOPolicy.evaluate",
                  "total": 629.1687317000199,
                  "count": 299936,
                  "self": 629.1687317000199
                }
              ]
            },
            {
              "name": "workers",
              "total": 3.99105290001674,
              "count": 19382,
              "self": 0.0,
              "children": [
                {
                  "name": "worker_root",
                  "total": 58923.595918398874,
                  "count": 300332,
                  "is_parallel": true,
                  "self": 55095.55717129887,
                  "children": [
                    {
                      "name": "UnityEnvironment.step",
                      "total": 3828.0387471000054,
                      "count": 300332,
                      "is_parallel": true,
                      "self": 307.8858042999409,
                      "children": [
                        {
                          "name": "UnityEnvironment._generate_step_input",
                          "total": 82.10886510006006,
                          "count": 300332,
                          "is_parallel": true,
                          "self": 82.10886510006006
                        },
                        {
                          "name": "communicator.exchange",
                          "total": 3438.0440777000044,
                          "count": 300332,
                          "is_parallel": true,
                          "self": 3438.0440777000044
                        }
                      ]
                    }
                  ]
                }
              ]
            }
          ]
        },
        {
          "name": "update_policy",
          "total": 1658.5128948000015,
          "count": 318,
          "self": 1114.4105321000065,
          "children": [
            {
              "name": "PPOPolicy.update",
              "total": 544.1023626999951,
              "count": 81512,
              "self": 544.1023626999951
            }
          ]
        }
      ]
    }
  ]
}