{
  "name": "root",
  "gauges": [
    {
      "name": "AnimalBehavior.mean_reward",
      "value": 0.0,
      "min": -0.02307692342079603,
      "max": 0.09428571973528181,
      "count": 168
    }
  ],
  "total": 458.1369702,
  "count": 1,
  "self": 35.06137630000586,
  "children": [
    {
      "name": "TrainerController.advance",
      "total": 423.07559389999415,
      "count": 42847,
      "self": 71.85886309999512,
      "children": [
        {
          "name": "env_step",
          "total": 304.6538656999991,
          "count": 42847,
          "self": 70.85858409998932,
          "children": [
            {
              "name": "SubprocessEnvManager._take_step",
              "total": 232.04166960001288,
              "count": 168984,
              "self": 6.802055700002967,
              "children": [
                {
                  "name": "PPOPolicy.evaluate",
                  "total": 225.2396139000099,
                  "count": 168984,
                  "self": 225.2396139000099
                }
              ]
            },
            {
              "name": "workers",
              "total": 1.7536119999968793,
              "count": 42847,
              "self": 0.0,
              "children": [
                {
                  "name": "worker_root",
                  "total": 2706.1122971000004,
                  "count": 168982,
                  "is_parallel": true,
                  "self": 2212.8513975000033,
                  "children": [
                    {
                      "name": "UnityEnvironment.step",
                      "total": 493.2608995999973,
                      "count": 168982,
                      "is_parallel": true,
                      "self": 54.37367040000379,
                      "children": [
                        {
                          "name": "UnityEnvironment._generate_step_input",
                          "total": 14.145014899996994,
                          "count": 168982,
                          "is_parallel": true,
                          "self": 14.145014899996994
                        },
                        {
                          "name": "communicator.exchange",
                          "total": 424.7422142999965,
                          "count": 168982,
                          "is_parallel": true,
                          "self": 424.7422142999965
                        }
                      ]
                    }
                  ]
                }
              ]
            }
          ]
        },
        {
          "name": "update_policy",
          "total": 46.562865099999954,
          "count": 10,
          "self": 22.479591400001837,
          "children": [
            {
              "name": "PPOPolicy.update",
              "total": 24.083273699998117,
              "count": 7185,
              "self": 24.083273699998117
            }
          ]
        }
      ]
    }
  ]
}