{
  "name": "root",
  "gauges": [
    {
      "name": "AnimalBehavior.mean_reward",
      "value": 53.24050209793863,
      "min": 52.769226575509094,
      "max": 80.19999362627665,
      "count": 21
    }
  ],
  "total": 183.2221874,
  "count": 1,
  "self": 33.134112800001276,
  "children": [
    {
      "name": "TrainerController.advance",
      "total": 150.08807459999872,
      "count": 21983,
      "self": 35.15098409999864,
      "children": [
        {
          "name": "env_step",
          "total": 101.95192600000009,
          "count": 21983,
          "self": 23.857576200001617,
          "children": [
            {
              "name": "SubprocessEnvManager._take_step",
              "total": 77.39489690000094,
              "count": 43951,
              "self": 2.2420695999994393,
              "children": [
                {
                  "name": "PPOPolicy.evaluate",
                  "total": 75.1528273000015,
                  "count": 43951,
                  "self": 75.1528273000015
                }
              ]
            },
            {
              "name": "workers",
              "total": 0.699452899997528,
              "count": 21982,
              "self": 0.0,
              "children": [
                {
                  "name": "worker_root",
                  "total": 713.954949799996,
                  "count": 43947,
                  "is_parallel": true,
                  "self": 537.010118699995,
                  "children": [
                    {
                      "name": "UnityEnvironment.step",
                      "total": 176.944831100001,
                      "count": 43947,
                      "is_parallel": true,
                      "self": 17.503396500002623,
                      "children": [
                        {
                          "name": "UnityEnvironment._generate_step_input",
                          "total": 5.166593800000577,
                          "count": 43947,
                          "is_parallel": true,
                          "self": 5.166593800000577
                        },
                        {
                          "name": "communicator.exchange",
                          "total": 154.2748407999978,
                          "count": 43947,
                          "is_parallel": true,
                          "self": 154.2748407999978
                        }
                      ]
                    }
                  ]
                }
              ]
            }
          ]
        },
        {
          "name": "update_policy",
          "total": 12.985164499999996,
          "count": 3,
          "self": 5.885986299999836,
          "children": [
            {
              "name": "PPOPolicy.update",
              "total": 7.099178200000161,
              "count": 1728,
              "self": 7.099178200000161
            }
          ]
        }
      ]
    }
  ]
}