{
  "name": "root",
  "gauges": [
    {
      "name": "AnimalBrain.mean_reward",
      "value": -0.010810812180106705,
      "min": -0.010810812180106705,
      "max": -0.010810812180106705,
      "count": 1
    }
  ],
  "total": 52.2099498,
  "count": 1,
  "self": 13.222166700000074,
  "children": [
    {
      "name": "TrainerController.advance",
      "total": 38.98778309999992,
      "count": 1267,
      "self": 1.877170899999932,
      "children": [
        {
          "name": "env_step",
          "total": 34.84601120000001,
          "count": 1267,
          "self": 33.10890330000009,
          "children": [
            {
              "name": "SubprocessEnvManager._take_step",
              "total": 1.7159390999999342,
              "count": 1267,
              "self": 0.04317039999979677,
              "children": [
                {
                  "name": "PPOPolicy.evaluate",
                  "total": 1.6727687000001374,
                  "count": 1267,
                  "self": 1.6727687000001374
                }
              ]
            },
            {
              "name": "workers",
              "total": 0.021168799999987442,
              "count": 1266,
              "self": 0.0,
              "children": [
                {
                  "name": "worker_root",
                  "total": 45.47111149999984,
                  "count": 1266,
                  "is_parallel": true,
                  "self": 18.307673999999796,
                  "children": [
                    {
                      "name": "UnityEnvironment.step",
                      "total": 27.163437500000047,
                      "count": 1266,
                      "is_parallel": true,
                      "self": 0.5088002000002625,
                      "children": [
                        {
                          "name": "UnityEnvironment._generate_step_input",
                          "total": 0.14147609999986166,
                          "count": 1266,
                          "is_parallel": true,
                          "self": 0.14147609999986166
                        },
                        {
                          "name": "communicator.exchange",
                          "total": 26.513161199999924,
                          "count": 1266,
                          "is_parallel": true,
                          "self": 26.513161199999924
                        }
                      ]
                    }
                  ]
                }
              ]
            }
          ]
        },
        {
          "name": "update_policy",
          "total": 2.264600999999983,
          "count": 19,
          "self": 0.736137199999984,
          "children": [
            {
              "name": "PPOPolicy.update",
              "total": 1.528463799999999,
              "count": 582,
              "self": 1.528463799999999
            }
          ]
        }
      ]
    }
  ]
}