{
  "name": "root",
  "gauges": [
    {
      "name": "AnimalBehavior.mean_reward",
      "value": -0.10000000149011612,
      "min": -0.10000000149011612,
      "max": -0.10000000149011612,
      "count": 82
    }
  ],
  "total": 603.8546577,
  "count": 1,
  "self": 61.171143300013114,
  "children": [
    {
      "name": "TrainerController.advance",
      "total": 542.6835143999868,
      "count": 82165,
      "self": 121.98402649998718,
      "children": [
        {
          "name": "env_step",
          "total": 303.4796916999995,
          "count": 82165,
          "self": 70.46470839999122,
          "children": [
            {
              "name": "SubprocessEnvManager._take_step",
              "total": 230.88749519999328,
              "count": 164318,
              "self": 5.998253199997208,
              "children": [
                {
                  "name": "PPOPolicy.evaluate",
                  "total": 224.88924199999607,
                  "count": 164318,
                  "self": 224.88924199999607
                }
              ]
            },
            {
              "name": "workers",
              "total": 2.1274881000149684,
              "count": 82165,
              "self": 0.0,
              "children": [
                {
                  "name": "worker_root",
                  "total": 2391.9852815999757,
                  "count": 164316,
                  "is_parallel": true,
                  "self": 1930.6244803999639,
                  "children": [
                    {
                      "name": "UnityEnvironment.step",
                      "total": 461.3608012000118,
                      "count": 164316,
                      "is_parallel": true,
                      "self": 50.53165050004333,
                      "children": [
                        {
                          "name": "UnityEnvironment._generate_step_input",
                          "total": 14.16516429996919,
                          "count": 164316,
                          "is_parallel": true,
                          "self": 14.16516429996919
                        },
                        {
                          "name": "communicator.exchange",
                          "total": 396.66398639999926,
                          "count": 164316,
                          "is_parallel": true,
                          "self": 396.66398639999926
                        }
                      ]
                    }
                  ]
                }
              ]
            }
          ]
        },
        {
          "name": "update_policy",
          "total": 117.21979620000022,
          "count": 54,
          "self": 72.7463514999957,
          "children": [
            {
              "name": "PPOPolicy.update",
              "total": 44.47344470000452,
              "count": 10318,
              "self": 44.47344470000452
            }
          ]
        }
      ]
    }
  ]
}