{
  "name": "root",
  "gauges": [
    {
      "name": "AnimalBehavior.mean_reward",
      "value": -0.5751327672471703,
      "min": -0.5976588869282566,
      "max": -0.5272340494610951,
      "count": 93
    }
  ],
  "total": 1650.0480917,
  "count": 1,
  "self": 29.981932499998493,
  "children": [
    {
      "name": "TrainerController.advance",
      "total": 1620.0661592000015,
      "count": 18607,
      "self": 474.3260511000044,
      "children": [
        {
          "name": "env_step",
          "total": 208.91697559999704,
          "count": 18607,
          "self": 44.35321519999545,
          "children": [
            {
              "name": "SubprocessEnvManager._take_step",
              "total": 163.23410579999288,
              "count": 93045,
              "self": 3.9413911999830304,
              "children": [
                {
                  "name": "PPOPolicy.evaluate",
                  "total": 159.29271460000984,
                  "count": 92845,
                  "self": 159.29271460000984
                }
              ]
            },
            {
              "name": "workers",
              "total": 1.3296546000087268,
              "count": 18607,
              "self": 0.0,
              "children": [
                {
                  "name": "worker_root",
                  "total": 16403.017089399767,
                  "count": 93040,
                  "is_parallel": true,
                  "self": 15024.798462899786,
                  "children": [
                    {
                      "name": "UnityEnvironment.step",
                      "total": 1378.218626499982,
                      "count": 93040,
                      "is_parallel": true,
                      "self": 86.70649749992526,
                      "children": [
                        {
                          "name": "UnityEnvironment._generate_step_input",
                          "total": 23.706183700026955,
                          "count": 93040,
                          "is_parallel": true,
                          "self": 23.706183700026955
                        },
                        {
                          "name": "communicator.exchange",
                          "total": 1267.8059453000299,
                          "count": 93040,
                          "is_parallel": true,
                          "self": 1267.8059453000299
                        }
                      ]
                    }
                  ]
                }
              ]
            }
          ]
        },
        {
          "name": "update_policy",
          "total": 936.8231325000002,
          "count": 92,
          "self": 392.7722754999985,
          "children": [
            {
              "name": "PPOPolicy.update",
              "total": 544.0508570000017,
              "count": 23328,
              "self": 544.0508570000017
            }
          ]
        }
      ]
    }
  ]
}