{
  "name": "root",
  "gauges": [
    {
      "name": "AnimalBehavior.mean_reward",
      "value": 0.20652176261596059,
      "min": 0.0,
      "max": 0.8234043393997436,
      "count": 110
    }
  ],
  "total": 2071.0062665,
  "count": 1,
  "self": 142.6555015999977,
  "children": [
    {
      "name": "TrainerController.advance",
      "total": 1928.3507649000023,
      "count": 110542,
      "self": 520.3348859999826,
      "children": [
        {
          "name": "env_step",
          "total": 730.4034756000194,
          "count": 110542,
          "self": 165.6484552000095,
          "children": [
            {
              "name": "SubprocessEnvManager._take_step",
              "total": 560.0528691000229,
              "count": 221300,
              "self": 14.433022200024652,
              "children": [
                {
                  "name": "PPOPolicy.evaluate",
                  "total": 545.6198468999983,
                  "count": 221300,
                  "self": 545.6198468999983
                }
              ]
            },
            {
              "name": "workers",
              "total": 4.7021512999869675,
              "count": 110542,
              "self": 0.0,
              "children": [
                {
                  "name": "worker_root",
                  "total": 8252.812438700028,
                  "count": 221298,
                  "is_parallel": true,
                  "self": 7047.016881600017,
                  "children": [
                    {
                      "name": "UnityEnvironment.step",
                      "total": 1205.7955571000114,
                      "count": 221298,
                      "is_parallel": true,
                      "self": 122.17092139992474,
                      "children": [
                        {
                          "name": "UnityEnvironment._generate_step_input",
                          "total": 39.16740700004202,
                          "count": 221298,
                          "is_parallel": true,
                          "self": 39.16740700004202
                        },
                        {
                          "name": "communicator.exchange",
                          "total": 1044.4572287000447,
                          "count": 221298,
                          "is_parallel": true,
                          "self": 1044.4572287000447
                        }
                      ]
                    }
                  ]
                }
              ]
            }
          ]
        },
        {
          "name": "update_policy",
          "total": 677.6124033000004,
          "count": 69,
          "self": 238.3831419999919,
          "children": [
            {
              "name": "PPOPolicy.update",
              "total": 439.22926130000855,
              "count": 83826,
              "self": 439.22926130000855
            }
          ]
        }
      ]
    }
  ]
}