{
  "name": "root",
  "gauges": [
    {
      "name": "AnimalBehavior.mean_reward",
      "value": -0.5,
      "min": -0.5,
      "max": -0.3707636493444443,
      "count": 110
    }
  ],
  "total": 1171.4943259000001,
  "count": 1,
  "self": 32.3880340999965,
  "children": [
    {
      "name": "TrainerController.advance",
      "total": 1139.1062918000036,
      "count": 13799,
      "self": 234.6306860000101,
      "children": [
        {
          "name": "env_step",
          "total": 254.6357257999938,
          "count": 13799,
          "self": 50.815235799995776,
          "children": [
            {
              "name": "SubprocessEnvManager._take_step",
              "total": 202.41542459999502,
              "count": 110933,
              "self": 4.629448899994287,
              "children": [
                {
                  "name": "PPOPolicy.evaluate",
                  "total": 197.78597570000073,
                  "count": 110633,
                  "self": 197.78597570000073
                }
              ]
            },
            {
              "name": "workers",
              "total": 1.4050654000030072,
              "count": 13798,
              "self": 0.0,
              "children": [
                {
                  "name": "worker_root",
                  "total": 17408.539422199927,
                  "count": 110919,
                  "is_parallel": true,
                  "self": 15723.867438399939,
                  "children": [
                    {
                      "name": "UnityEnvironment.step",
                      "total": 1684.6719837999874,
                      "count": 110919,
                      "is_parallel": true,
                      "self": 102.94529079997437,
                      "children": [
                        {
                          "name": "UnityEnvironment._generate_step_input",
                          "total": 27.37066319998995,
                          "count": 110919,
                          "is_parallel": true,
                          "self": 27.37066319998995
                        },
                        {
                          "name": "communicator.exchange",
                          "total": 1554.3560298000232,
                          "count": 110919,
                          "is_parallel": true,
                          "self": 1554.3560298000232
                        }
                      ]
                    }
                  ]
                }
              ]
            }
          ]
        },
        {
          "name": "update_policy",
          "total": 649.8398799999998,
          "count": 76,
          "self": 475.6326689000007,
          "children": [
            {
              "name": "PPOPolicy.update",
              "total": 174.20721109999909,
              "count": 18240,
              "self": 174.20721109999909
            }
          ]
        }
      ]
    }
  ]
}