{
  "name": "root",
  "gauges": [
    {
      "name": "AnimalBehavior.mean_reward",
      "value": 1.3250001434236764,
      "min": 0.0,
      "max": 1.6315791230452688,
      "count": 150
    }
  ],
  "total": 1131.3744233,
  "count": 1,
  "self": 74.0556547000283,
  "children": [
    {
      "name": "TrainerController.advance",
      "total": 1057.3187685999717,
      "count": 103838,
      "self": 343.68277829996623,
      "children": [
        {
          "name": "env_step",
          "total": 567.9151880000059,
          "count": 103838,
          "self": 129.92676200004138,
          "children": [
            {
              "name": "SubprocessEnvManager._take_step",
              "total": 434.27101509997027,
              "count": 300004,
              "self": 11.081340499936402,
              "children": [
                {
                  "name": "PPOPolicy.evaluate",
                  "total": 423.18967460003387,
                  "count": 300004,
                  "self": 423.18967460003387
                }
              ]
            },
            {
              "name": "workers",
              "total": 3.7174108999942233,
              "count": 103838,
              "self": 0.0,
              "children": [
                {
                  "name": "worker_root",
                  "total": 5624.69365160002,
                  "count": 300002,
                  "is_parallel": true,
                  "self": 4720.414540300058,
                  "children": [
                    {
                      "name": "UnityEnvironment.step",
                      "total": 904.279111299961,
                      "count": 300002,
                      "is_parallel": true,
                      "self": 98.2203763999753,
                      "children": [
                        {
                          "name": "UnityEnvironment._generate_step_input",
                          "total": 27.606261699987343,
                          "count": 300002,
                          "is_parallel": true,
                          "self": 27.606261699987343
                        },
                        {
                          "name": "communicator.exchange",
                          "total": 778.4524731999983,
                          "count": 300002,
                          "is_parallel": true,
                          "self": 778.4524731999983
                        }
                      ]
                    }
                  ]
                }
              ]
            }
          ]
        },
        {
          "name": "update_policy",
          "total": 145.7208022999996,
          "count": 49,
          "self": 104.75149109999931,
          "children": [
            {
              "name": "PPOPolicy.update",
              "total": 40.96931120000029,
              "count": 8255,
              "self": 40.96931120000029
            }
          ]
        }
      ]
    }
  ]
}