{
  "name": "root",
  "gauges": [
    {
      "name": "AnimalBrain.mean_reward",
      "value": 0.25922330063812943,
      "min": -0.03975903673703412,
      "max": 0.4144067792695458,
      "count": 152
    }
  ],
  "total": 960.4752417,
  "count": 1,
  "self": 40.12767129999963,
  "children": [
    {
      "name": "TrainerController.advance",
      "total": 920.3475704000003,
      "count": 38026,
      "self": 178.98748760000956,
      "children": [
        {
          "name": "env_step",
          "total": 337.3081222999911,
          "count": 38026,
          "self": 69.50410689996107,
          "children": [
            {
              "name": "SubprocessEnvManager._take_step",
              "total": 265.72222680002835,
              "count": 152502,
              "self": 6.192347800044956,
              "children": [
                {
                  "name": "PPOPolicy.evaluate",
                  "total": 259.5298789999834,
                  "count": 152502,
                  "self": 259.5298789999834
                }
              ]
            },
            {
              "name": "workers",
              "total": 2.081788600001696,
              "count": 38025,
              "self": 0.0,
              "children": [
                {
                  "name": "worker_root",
                  "total": 7638.015156899887,
                  "count": 152496,
                  "is_parallel": true,
                  "self": 6477.936898799898,
                  "children": [
                    {
                      "name": "UnityEnvironment.step",
                      "total": 1160.0782580999896,
                      "count": 152496,
                      "is_parallel": true,
                      "self": 86.58082450000984,
                      "children": [
                        {
                          "name": "UnityEnvironment._generate_step_input",
                          "total": 24.31093079999994,
                          "count": 152496,
                          "is_parallel": true,
                          "self": 24.31093079999994
                        },
                        {
                          "name": "communicator.exchange",
                          "total": 1049.1865027999797,
                          "count": 152496,
                          "is_parallel": true,
                          "self": 1049.1865027999797
                        }
                      ]
                    }
                  ]
                }
              ]
            }
          ]
        },
        {
          "name": "update_policy",
          "total": 404.0519604999997,
          "count": 143,
          "self": 198.87136759999467,
          "children": [
            {
              "name": "PPOPolicy.update",
              "total": 205.18059290000505,
              "count": 64232,
              "self": 205.18059290000505
            }
          ]
        }
      ]
    }
  ]
}