{
  "name": "root",
  "gauges": [
    {
      "name": "AnimalBehavior.mean_reward",
      "value": -0.479265595458343,
      "min": -0.5,
      "max": -0.4649697616527368,
      "count": 314
    }
  ],
  "total": 3312.6259821,
  "count": 1,
  "self": 48.95766750001394,
  "children": [
    {
      "name": "TrainerController.advance",
      "total": 3263.668314599986,
      "count": 40559,
      "self": 835.1877619999668,
      "children": [
        {
          "name": "env_step",
          "total": 686.5607773000173,
          "count": 40559,
          "self": 140.02349619994948,
          "children": [
            {
              "name": "SubprocessEnvManager._take_step",
              "total": 542.4747126001209,
              "count": 314608,
              "self": 13.828488700220078,
              "children": [
                {
                  "name": "PPOPolicy.evaluate",
                  "total": 528.6462238999009,
                  "count": 314308,
                  "self": 528.6462238999009
                }
              ]
            },
            {
              "name": "workers",
              "total": 4.062568499946938,
              "count": 40559,
              "self": 0.0,
              "children": [
                {
                  "name": "worker_root",
                  "total": 49442.81896340085,
                  "count": 314602,
                  "is_parallel": true,
                  "self": 44797.837671000765,
                  "children": [
                    {
                      "name": "UnityEnvironment.step",
                      "total": 4644.981292400086,
                      "count": 314602,
                      "is_parallel": true,
                      "self": 294.8655644000073,
                      "children": [
                        {
                          "name": "UnityEnvironment._generate_step_input",
                          "total": 78.96725980000735,
                          "count": 314602,
                          "is_parallel": true,
                          "self": 78.96725980000735
                        },
                        {
                          "name": "communicator.exchange",
                          "total": 4271.148468200072,
                          "count": 314602,
                          "is_parallel": true,
                          "self": 4271.148468200072
                        }
                      ]
                    }
                  ]
                }
              ]
            }
          ]
        },
        {
          "name": "update_policy",
          "total": 1741.9197753000017,
          "count": 204,
          "self": 1283.7923920000258,
          "children": [
            {
              "name": "PPOPolicy.update",
              "total": 458.1273832999759,
              "count": 48842,
              "self": 458.1273832999759
            }
          ]
        }
      ]
    }
  ]
}