{
  "name": "root",
  "gauges": [
    {
      "name": "AnimalBehavior.mean_reward",
      "value": -0.08378378462952536,
      "min": -0.10000000149011612,
      "max": 0.04074075073003769,
      "count": 79
    }
  ],
  "total": 542.9682566,
  "count": 1,
  "self": 40.32732870000143,
  "children": [
    {
      "name": "TrainerController.advance",
      "total": 502.6409278999986,
      "count": 53777,
      "self": 92.1852864000017,
      "children": [
        {
          "name": "env_step",
          "total": 278.6599331999968,
          "count": 53777,
          "self": 61.748732199988325,
          "children": [
            {
              "name": "SubprocessEnvManager._take_step",
              "total": 215.13925760000302,
              "count": 158349,
              "self": 5.633649300012024,
              "children": [
                {
                  "name": "PPOPolicy.evaluate",
                  "total": 209.505608299991,
                  "count": 158349,
                  "self": 209.505608299991
                }
              ]
            },
            {
              "name": "workers",
              "total": 1.7719434000054335,
              "count": 53776,
              "self": 0.0,
              "children": [
                {
                  "name": "worker_root",
                  "total": 2689.633613300024,
                  "count": 158346,
                  "is_parallel": true,
                  "self": 2269.9910387000273,
                  "children": [
                    {
                      "name": "UnityEnvironment.step",
                      "total": 419.6425745999967,
                      "count": 158346,
                      "is_parallel": true,
                      "self": 46.41654169999458,
                      "children": [
                        {
                          "name": "UnityEnvironment._generate_step_input",
                          "total": 12.755779599998903,
                          "count": 158346,
                          "is_parallel": true,
                          "self": 12.755779599998903
                        },
                        {
                          "name": "communicator.exchange",
                          "total": 360.4702533000032,
                          "count": 158346,
                          "is_parallel": true,
                          "self": 360.4702533000032
                        }
                      ]
                    }
                  ]
                }
              ]
            }
          ]
        },
        {
          "name": "update_policy",
          "total": 131.79570830000011,
          "count": 97,
          "self": 63.64551899999796,
          "children": [
            {
              "name": "PPOPolicy.update",
              "total": 68.15018930000215,
              "count": 19950,
              "self": 68.15018930000215
            }
          ]
        }
      ]
    }
  ]
}