{
  "name": "root",
  "gauges": [
    {
      "name": "AnimalBrain.mean_reward",
      "value": -0.008641975437417442,
      "min": -0.02933333396911621,
      "max": 0.0,
      "count": 38
    }
  ],
  "total": 224.08800240000002,
  "count": 1,
  "self": 21.461395099999805,
  "children": [
    {
      "name": "TrainerController.advance",
      "total": 202.62660730000022,
      "count": 9507,
      "self": 43.96812209999956,
      "children": [
        {
          "name": "env_step",
          "total": 83.37227640000071,
          "count": 9507,
          "self": 17.632835900002107,
          "children": [
            {
              "name": "SubprocessEnvManager._take_step",
              "total": 65.22369559999815,
              "count": 38071,
              "self": 1.561308499997331,
              "children": [
                {
                  "name": "PPOPolicy.evaluate",
                  "total": 63.66238710000082,
                  "count": 38071,
                  "self": 63.66238710000082
                }
              ]
            },
            {
              "name": "workers",
              "total": 0.5157449000004632,
              "count": 9507,
              "self": 0.0,
              "children": [
                {
                  "name": "worker_root",
                  "total": 1741.200683300006,
                  "count": 38067,
                  "is_parallel": true,
                  "self": 1446.852924300003,
                  "children": [
                    {
                      "name": "UnityEnvironment.step",
                      "total": 294.34775900000295,
                      "count": 38067,
                      "is_parallel": true,
                      "self": 22.10300900000624,
                      "children": [
                        {
                          "name": "UnityEnvironment._generate_step_input",
                          "total": 6.162850299998541,
                          "count": 38067,
                          "is_parallel": true,
                          "self": 6.162850299998541
                        },
                        {
                          "name": "communicator.exchange",
                          "total": 266.0818996999982,
                          "count": 38067,
                          "is_parallel": true,
                          "self": 266.0818996999982
                        }
                      ]
                    }
                  ]
                }
              ]
            }
          ]
        },
        {
          "name": "update_policy",
          "total": 75.28620879999994,
          "count": 36,
          "self": 54.97624470000019,
          "children": [
            {
              "name": "PPOPolicy.update",
              "total": 20.309964099999753,
              "count": 4534,
              "self": 20.309964099999753
            }
          ]
        }
      ]
    }
  ]
}