{
  "name": "root",
  "gauges": [
    {
      "name": "AnimalBehavior.mean_reward",
      "value": -0.4643730442025071,
      "min": -0.5,
      "max": -0.4473737417735937,
      "count": 300
    }
  ],
  "total": 2492.9773944,
  "count": 1,
  "self": 44.411743700016814,
  "children": [
    {
      "name": "TrainerController.advance",
      "total": 2448.565650699983,
      "count": 19369,
      "self": 598.2722126000042,
      "children": [
        {
          "name": "env_step",
          "total": 735.2563436999787,
          "count": 19369,
          "self": 141.54038250001042,
          "children": [
            {
              "name": "SubprocessEnvManager._take_step",
              "total": 589.9125078999682,
              "count": 300298,
              "self": 14.114943499935748,
              "children": [
                {
                  "name": "PPOPolicy.evaluate",
                  "total": 575.7975644000325,
                  "count": 299898,
                  "self": 575.7975644000325
                }
              ]
            },
            {
              "name": "workers",
              "total": 3.8034533000001325,
              "count": 19369,
              "self": 0.0,
              "children": [
                {
                  "name": "worker_root",
                  "total": 49580.324985100735,
                  "count": 300294,
                  "is_parallel": true,
                  "self": 46058.47234460063,
                  "children": [
                    {
                      "name": "UnityEnvironment.step",
                      "total": 3521.852640500102,
                      "count": 300294,
                      "is_parallel": true,
                      "self": 300.23576949999233,
                      "children": [
                        {
                          "name": "UnityEnvironment._generate_step_input",
                          "total": 79.87000540004843,
                          "count": 300294,
                          "is_parallel": true,
                          "self": 79.87000540004843
                        },
                        {
                          "name": "communicator.exchange",
                          "total": 3141.7468656000615,
                          "count": 300294,
                          "is_parallel": true,
                          "self": 3141.7468656000615
                        }
                      ]
                    }
                  ]
                }
              ]
            }
          ]
        },
        {
          "name": "update_policy",
          "total": 1115.0370944000001,
          "count": 301,
          "self": 785.3989078999626,
          "children": [
            {
              "name": "PPOPolicy.update",
              "total": 329.6381865000375,
              "count": 57810,
              "self": 329.6381865000375
            }
          ]
        }
      ]
    }
  ]
}