{
  "name": "root",
  "gauges": [
    {
      "name": "AnimalBehavior.mean_reward",
      "value": -0.8000000007450581,
      "min": -1.0,
      "max": -0.404000009894371,
      "count": 38
    }
  ],
  "total": 147.9276676,
  "count": 1,
  "self": 15.904545900000727,
  "children": [
    {
      "name": "TrainerController.advance",
      "total": 132.02312169999928,
      "count": 12891,
      "self": 22.003925899999203,
      "children": [
        {
          "name": "env_step",
          "total": 68.88155660000008,
          "count": 12891,
          "self": 15.19057489999971,
          "children": [
            {
              "name": "SubprocessEnvManager._take_step",
              "total": 53.2609422999999,
              "count": 38371,
              "self": 1.3497834000011437,
              "children": [
                {
                  "name": "PPOPolicy.evaluate",
                  "total": 51.91115889999875,
                  "count": 38371,
                  "self": 51.91115889999875
                }
              ]
            },
            {
              "name": "workers",
              "total": 0.430039400000477,
              "count": 12891,
              "self": 0.0,
              "children": [
                {
                  "name": "worker_root",
                  "total": 705.7362972999995,
                  "count": 38369,
                  "is_parallel": true,
                  "self": 603.9817316000011,
                  "children": [
                    {
                      "name": "UnityEnvironment.step",
                      "total": 101.75456569999835,
                      "count": 38369,
                      "is_parallel": true,
                      "self": 11.19434439999847,
                      "children": [
                        {
                          "name": "UnityEnvironment._generate_step_input",
                          "total": 3.0747429999992106,
                          "count": 38369,
                          "is_parallel": true,
                          "self": 3.0747429999992106
                        },
                        {
                          "name": "communicator.exchange",
                          "total": 87.48547830000066,
                          "count": 38369,
                          "is_parallel": true,
                          "self": 87.48547830000066
                        }
                      ]
                    }
                  ]
                }
              ]
            }
          ]
        },
        {
          "name": "update_policy",
          "total": 41.137639199999995,
          "count": 8,
          "self": 18.43905229999956,
          "children": [
            {
              "name": "PPOPolicy.update",
              "total": 22.698586900000436,
              "count": 5939,
              "self": 22.698586900000436
            }
          ]
        }
      ]
    }
  ]
}