{
  "name": "root",
  "gauges": [
    {
      "name": "AnimalBrain.mean_reward",
      "value": -0.019780220238717047,
      "min": -0.02530120519629444,
      "max": 0.05543478213898514,
      "count": 51
    }
  ],
  "total": 332.1718169,
  "count": 1,
  "self": 77.99406050000184,
  "children": [
    {
      "name": "TrainerController.advance",
      "total": 254.17775639999817,
      "count": 29227,
      "self": 71.94631019999375,
      "children": [
        {
          "name": "env_step",
          "total": 110.14099930000458,
          "count": 29227,
          "self": 24.870533600001323,
          "children": [
            {
              "name": "SubprocessEnvManager._take_step",
              "total": 84.53038570000103,
              "count": 51746,
              "self": 2.1122656000083424,
              "children": [
                {
                  "name": "PPOPolicy.evaluate",
                  "total": 82.41812009999269,
                  "count": 51746,
                  "self": 82.41812009999269
                }
              ]
            },
            {
              "name": "workers",
              "total": 0.7400800000022176,
              "count": 29227,
              "self": 0.0,
              "children": [
                {
                  "name": "worker_root",
                  "total": 1312.5926945000022,
                  "count": 51745,
                  "is_parallel": true,
                  "self": 893.559170099998,
                  "children": [
                    {
                      "name": "UnityEnvironment.step",
                      "total": 419.0335244000041,
                      "count": 51745,
                      "is_parallel": true,
                      "self": 28.08529540000592,
                      "children": [
                        {
                          "name": "UnityEnvironment._generate_step_input",
                          "total": 7.715674599997879,
                          "count": 51745,
                          "is_parallel": true,
                          "self": 7.715674599997879
                        },
                        {
                          "name": "communicator.exchange",
                          "total": 383.2325544000003,
                          "count": 51745,
                          "is_parallel": true,
                          "self": 383.2325544000003
                        }
                      ]
                    }
                  ]
                }
              ]
            }
          ]
        },
        {
          "name": "update_policy",
          "total": 72.09044689999985,
          "count": 49,
          "self": 29.918942099999597,
          "children": [
            {
              "name": "PPOPolicy.update",
              "total": 42.17150480000025,
              "count": 18504,
              "self": 42.17150480000025
            }
          ]
        }
      ]
    }
  ]
}