{
  "name": "root",
  "gauges": [
    {
      "name": "AnimalBehavior.mean_reward",
      "value": -0.10000000149011612,
      "min": -0.10000000149011612,
      "max": -0.052941173753317666,
      "count": 12
    }
  ],
  "total": 104.71913570000001,
  "count": 1,
  "self": 14.486899199999684,
  "children": [
    {
      "name": "TrainerController.advance",
      "total": 90.23223650000033,
      "count": 12379,
      "self": 17.011738800000714,
      "children": [
        {
          "name": "env_step",
          "total": 44.44584669999959,
          "count": 12379,
          "self": 9.885178199999594,
          "children": [
            {
              "name": "SubprocessEnvManager._take_step",
              "total": 34.26247980000018,
              "count": 24751,
              "self": 0.8305574999998697,
              "children": [
                {
                  "name": "PPOPolicy.evaluate",
                  "total": 33.43192230000031,
                  "count": 24751,
                  "self": 33.43192230000031
                }
              ]
            },
            {
              "name": "workers",
              "total": 0.2981886999998222,
              "count": 12379,
              "self": 0.0,
              "children": [
                {
                  "name": "worker_root",
                  "total": 404.91801130000084,
                  "count": 24749,
                  "is_parallel": true,
                  "self": 340.2270543000001,
                  "children": [
                    {
                      "name": "UnityEnvironment.step",
                      "total": 64.69095700000076,
                      "count": 24749,
                      "is_parallel": true,
                      "self": 7.242472100002352,
                      "children": [
                        {
                          "name": "UnityEnvironment._generate_step_input",
                          "total": 1.9270689999991268,
                          "count": 24749,
                          "is_parallel": true,
                          "self": 1.9270689999991268
                        },
                        {
                          "name": "communicator.exchange",
                          "total": 55.52141589999928,
                          "count": 24749,
                          "is_parallel": true,
                          "self": 55.52141589999928
                        }
                      ]
                    }
                  ]
                }
              ]
            }
          ]
        },
        {
          "name": "update_policy",
          "total": 28.77465100000002,
          "count": 4,
          "self": 12.692046900000335,
          "children": [
            {
              "name": "PPOPolicy.update",
              "total": 16.082604099999685,
              "count": 4096,
              "self": 16.082604099999685
            }
          ]
        }
      ]
    }
  ]
}