{
  "name": "root",
  "total": 65.2245169,
  "count": 1,
  "self": 13.043452900000105,
  "children": [
    {
      "name": "TrainerController.advance",
      "total": 52.18106399999989,
      "count": 684,
      "self": 1.594669899999893,
      "children": [
        {
          "name": "env_step",
          "total": 50.5863941,
          "count": 684,
          "self": 49.51766450000005,
          "children": [
            {
              "name": "SubprocessEnvManager._take_step",
              "total": 1.0568087000000084,
              "count": 684,
              "self": 0.024245700000046,
              "children": [
                {
                  "name": "PPOPolicy.evaluate",
                  "total": 1.0325629999999624,
                  "count": 684,
                  "self": 1.0325629999999624
                }
              ]
            },
            {
              "name": "workers",
              "total": 0.01192089999994117,
              "count": 683,
              "self": 0.0,
              "children": [
                {
                  "name": "worker_root",
                  "total": 63.314122200000035,
                  "count": 683,
                  "is_parallel": true,
                  "self": 14.515956100000004,
                  "children": [
                    {
                      "name": "UnityEnvironment.step",
                      "total": 48.79816610000003,
                      "count": 683,
                      "is_parallel": true,
                      "self": 0.29551080000017294,
                      "children": [
                        {
                          "name": "UnityEnvironment._generate_step_input",
                          "total": 0.0833497999999242,
                          "count": 683,
                          "is_parallel": true,
                          "self": 0.0833497999999242
                        },
                        {
                          "name": "communicator.exchange",
                          "total": 48.419305499999936,
                          "count": 683,
                          "is_parallel": true,
                          "self": 48.419305499999936
                        }
                      ]
                    }
                  ]
                }
              ]
            }
          ]
        }
      ]
    }
  ]
}