{"count":1,"self":13.772620799999999,"total":342.94874039999996,"children":{"AgentResetIfDone":{"count":317550,"self":0.9344884,"total":0.9344884,"children":null},"AgentSendState":{"count":317550,"self":0.9068976,"total":1.2621118999999998,"children":{"CollectObservations":{"count":29652,"self":0.3552143,"total":0.3552143,"children":null}}},"DecideAction":{"count":317550,"self":324.84864,"total":325.1855242,"children":{"AgentInfo.ToProto":{"count":1059,"self":0.3368929,"total":0.3368929,"children":null}}},"AcademyStep":{"count":317550,"self":0.8039527,"total":0.8039527,"children":null},"AgentAct":{"count":317550,"self":0.9900424,"total":0.9900424,"children":null}}}