{"count":1,"self":11.0767888,"total":11.125377799999999,"children":{"AgentResetIfDone":{"count":968,"self":0.0049705,"total":0.0049705,"children":null},"AgentSendState":{"count":968,"self":0.0087782,"total":0.018692,"children":{"CollectObservations":{"count":1356,"self":0.0099138,"total":0.0099138,"children":null}}},"DecideAction":{"count":968,"self":0.0131842,"total":0.0131842,"children":null},"AcademyStep":{"count":968,"self":0.0038326999999999996,"total":0.0038326999999999996,"children":null},"AgentAct":{"count":968,"self":0.0069089999999999993,"total":0.0069089999999999993,"children":null}}}