{"count":1,"self":1.7960327999999999,"total":31.867631499999998,"children":{"AgentResetIfDone":{"count":1751,"self":0.0059958,"total":0.0059958,"children":null},"AgentSendState":{"count":1751,"self":0.0269859,"total":0.0399666,"children":{"CollectObservations":{"count":2455,"self":0.0129807,"total":0.0129807,"children":null}}},"DecideAction":{"count":1751,"self":29.824211199999997,"total":29.8741952,"children":{"AgentInfo.ToProto":{"count":1751,"self":0.0499849,"total":0.0499849,"children":null}}},"AcademyStep":{"count":1751,"self":0.0049994,"total":0.0049994,"children":null},"AgentAct":{"count":1751,"self":0.144442,"total":0.144442,"children":null}}}