{"count":1,"self":317.3428224,"total":1936.8561831,"children":{"AgentResetIfDone":{"count":1631002,"self":6.0764255999999994,"total":6.0764255,"children":null},"AgentSendState":{"count":1631002,"self":5.0658036,"total":6.6832096,"children":{"CollectObservations":{"count":81551,"self":1.6174058999999998,"total":1.6174058999999998,"children":null}}},"DecideAction":{"count":1631002,"self":1592.2269184,"total":1597.0633037999999,"children":{"AgentInfo.ToProto":{"count":81551,"self":4.8363543999999994,"total":4.8363546,"children":null}}},"AcademyStep":{"count":1631002,"self":4.1105228,"total":4.1105228,"children":null},"AgentAct":{"count":1631002,"self":5.5798992,"total":5.579899,"children":null}}}