{"count":1,"self":227.61774079999998,"total":4311.1451004,"children":{"AgentResetIfDone":{"count":4214848,"self":12.470748799999999,"total":12.4707492,"children":null},"AgentSendState":{"count":4214848,"self":12.4775712,"total":14.9335866,"children":{"CollectObservations":{"count":229905,"self":2.4560155999999997,"total":2.4560155999999997,"children":null}}},"DecideAction":{"count":4214848,"self":4025.196544,"total":4031.7342774999997,"children":{"AgentInfo.ToProto":{"count":25545,"self":6.5376648,"total":6.5376647,"children":null}}},"AcademyStep":{"count":4214848,"self":10.9002128,"total":10.9002129,"children":null},"AgentAct":{"count":4214848,"self":13.488544,"total":13.488544099999999,"children":null}}}