{"count":1,"self":110.076672,"total":1412.7821749999998,"children":{"AgentResetIfDone":{"count":2125761,"self":6.4062888,"total":6.4062886,"children":null},"AgentSendState":{"count":2125761,"self":6.0411572,"total":6.9374616,"children":{"CollectObservations":{"count":115956,"self":0.8963044,"total":0.8963044,"children":null}}},"DecideAction":{"count":2125761,"self":1273.9094528,"total":1277.3027061,"children":{"AgentInfo.ToProto":{"count":12884,"self":3.3932824,"total":3.3932824999999998,"children":null}}},"AcademyStep":{"count":2125761,"self":5.4637715999999994,"total":5.4637715999999994,"children":null},"AgentAct":{"count":2125761,"self":6.5952744,"total":6.5952744999999995,"children":null}}}