{"count":1,"self":26.2711696,"total":39.5189167,"children":{"AgentResetIfDone":{"count":3223,"self":0.1027377,"total":0.1027377,"children":null},"AgentSendState":{"count":3223,"self":0.0768531,"total":0.1248965,"children":{"CollectObservations":{"count":4515,"self":0.0480434,"total":0.0480434,"children":null}}},"DecideAction":{"count":3223,"self":0.0537379,"total":0.0537379,"children":null},"AcademyStep":{"count":3223,"self":0.0250132,"total":0.0250132,"children":null},"AgentAct":{"count":3223,"self":12.9393544,"total":12.9393544,"children":null}}}