{"count":1,"self":17.9973568,"total":341.76186609999996,"children":{"AgentResetIfDone":{"count":19917,"self":0.3647492,"total":0.3647492,"children":null},"AgentSendState":{"count":19917,"self":0.2109248,"total":0.2818735,"children":{"CollectObservations":{"count":27885,"self":0.0709487,"total":0.0709487,"children":null}}},"DecideAction":{"count":19917,"self":320.7357184,"total":321.2005134,"children":{"AgentInfo.ToProto":{"count":19917,"self":0.4648071,"total":0.4648071,"children":null}}},"AcademyStep":{"count":19917,"self":0.0409883,"total":0.0409883,"children":null},"AgentAct":{"count":19917,"self":1.8733856,"total":1.8733856999999998,"children":null}}}