{"count":1,"self":276.3431936,"total":1370.8210933,"children":{"AgentResetIfDone":{"count":1973754,"self":6.1593463999999996,"total":6.1593466,"children":null},"AgentSendState":{"count":1973754,"self":5.3090247999999995,"total":6.6705244,"children":{"CollectObservations":{"count":65792,"self":1.3614998,"total":1.3614998,"children":null}}},"DecideAction":{"count":1973754,"self":1070.4381951999999,"total":1071.9198701,"children":{"AgentInfo.ToProto":{"count":65792,"self":1.4816573,"total":1.4816573,"children":null}}},"AcademyStep":{"count":1973754,"self":4.3641872,"total":4.3641872,"children":null},"AgentAct":{"count":1973754,"self":5.3639616,"total":5.3639616,"children":null}}}